
+----+----+----+----+----+----+----+----+----+----+----+----+----+----+----+----

                                      Aria

                 Coupled multiphysics including Navier-Stokes,
                elasticity, energy transport, species transport,
                  electrostatics;  free and moving boundaries;
                           transient or steady state.

                          Version 5.19.4-467-g26885c40

                          Sandia National Laboratories
               Albuquerque, New Mexico and Livermore, California

                     Please email questions and comments to
                             sierra-help@sandia.gov


                 Notice: This computer software was prepared by
                 National Technology and Engineering Solutions
                     of Sandia, hereinafter the Contractor,
                     under Contract DE-NA-0003525 with the
                 Department of Energy (DOE).  All rights in the
                computer software are reserved by DOE on behalf
                    of the United States Government and the
                Contractor as provided in the Contract. You are
                  authorized to use this computer software for
                   Governmental purposes but it is not to be
                 released or distributed to the public. NEITHER
                  THE U.S. GOVERNMENT NOR THE CONTRACTOR MAKES
                ANY WARRANTY, EXPRESS OR IMPLIED, OR ASSUMES ANY
                    LIABILITY FOR THE USE OF THIS SOFTWARE.

+----+----+----+----+----+----+----+----+----+----+----+----+----+----+----+----

        Directory /ceeGPFS/fgs/bwclark/plato_move_krino_to_pe/plato/plato-integration-tests/sierra/gradient_check/krino_temp_match_tf/
       Executable /ceeGPFS/fgs/bwclark/plato_move_krino_to_pe/plato/spack/opt/spack/linux-rhel8-x86_64/gcc-10.2.0/platoengine-develop-oeciwetctxxhxhxtzfa7zaiqekfbvnss/bin/plato_tf_main
            Built May 30 2024 17:23:55
    Build Options linux gcc-10.2.0 release
      Run Started May 31 2024 09:05:40
             User bwclark
     Architecture hpws0713
             Host hpws0713
         Hardware x86_64
          Running Linux
       Processors 1
Simd vector width 2

      Product                  Version            Qualifier
-------------------- ---------------------------- ----------
                ACME 2.9.0                        
                Aria 5.19.4-467-g26885c40         
           Chaparral 3.3.1 development            unreleased
               Linux 4.18.0-513.11.1.el8_9.x86_64 
    SIERRA Framework 5.19.4-467-g26885c40         
Sandia Toolkit (STK) 5.19.4-467-g26885c40         
            Trilinos 15.2.0                       
          UtilityLib 5.19.4-467-g26885c40         

+----+----+----+----+----+----+----+----+----+----+----+----+----+----+----+----
Reading aria1_opt.i                                         May 31 2024 09:05:42


Begin sierra OptRun

  Begin TPETRA equation solver linear_solver

    Begin CG solver 

      Begin jacobi preconditioner 
      End jacobi preconditioner

      maximum iterations = 1000
      residual scaling = R0
      convergence tolerance = 1e-08
    End CG solver

  End TPETRA equation solver


  Begin Universal Aria Expressions 
  End Universal Aria Expressions

  

  ########################################
  ###       Material Definitions       ###
  ########################################
  
    Begin Aria Material MatA
        Density              = Constant rho = 2702. # kg/m^3, at 20 C
        Specific Heat        = Constant cp  = 903.  # J/kg-K, at 20 C
        Thermal Conductivity = Constant k = 10000000.  # W/mK
       $ Thermal Conductivity = Constant k = 200.  # W/mK
        Heat Conduction      = Basic
    End   Aria Material MatA

    Begin Finite Element Model FEModel
        Database Name = aria1.exo
        decomposition method =  rcb
        Use Material MatA for block_1
    End   Finite Element Model FEModel


  Begin procedure ariaProcedure

    Begin solution control description 
      Use System Main

      Begin parameters for transient time_stepping_block
        start time = 0
        termination time = 3600

        Begin parameters for Aria region AriaRegion
          initial time step size = 600
          #minimum time step size = 0.001
          #maximum time step size = 100
          #predictor-corrector tolerance = 0.0005
          time integration method = first_order
          #time integration method = bdf2
          time step variation = fixed
          #failed time step size ratio = 0.5
          #maximum time step size ratio = 1.25
        End parameters for Aria region

      End parameters for transient


      Begin System Main 
        Simulation Start Time = 0
        Simulation Termination Time = 3600

        Begin Transient time_stepping_block
          advance AriaRegion
        End Transient

      End System Main

    End solution control description


    Begin aria region AriaRegion
      EQ energy for temperature on block_1 using Q1 with diff lumped_mass src
      

      ########################################
      ###        Initial Conditions        ###
      ########################################
      
      # Beginning of Initial Conditions 
        IC for temperature on block_1 = constant value = 0
      # End of Initial Conditions 
      
      #Source for energy on block_1 = constant value = 0
      Source for energy on block_1 = Optimization value = 0
      Compute Shape Gradient on surface_13

      ########################################
      ###       Boundary Conditions        ###
      ########################################

      BC flux for energy on surface_2 = Constant  value = 5e6
      BC dirichlet for temperature on surface_1 = constant value = 20.

      use finite element model FEModel
      use linear solver linear_solver
      nonlinear residual tolerance = 1e-06
      maximum nonlinear iterations = 10
      minimum nonlinear iterations = 1
      nonlinear relaxation factor = 1.0
      accept solution after maximum nonlinear iterations = False
      

      ########################################
      ###          Results Output          ###
      ########################################
      
      Begin results output myoutput
        database name = myoutput.e
        at step 0, increment = 1
        nodal variables = solution->temperature as T_K
      End results output

    End aria region

  End procedure

End sierra
+----+----+----+----+----+----+----+----+----+----+----+----+----+----+----+----
Instantiating system                                        May 31 2024 09:05:42

DEFAULTING PREDICTOR-CORRECTOR_TOLERANCE = 0.001 for region AriaRegion in time block TRANSIENT_time_stepping_block
DEFAULTING   TIME INTEGRATION METHOD = FIRST_ORDER
DEFAULTING COURANT_LIMIT = 0 (INACTIVE) for region AriaRegion in time block TRANSIENT_time_stepping_block
DEFAULTING INTERFACE_COURANT_LIMIT = 0 (INACTIVE) for region AriaRegion in time block TRANSIENT_time_stepping_block
DEFAULTING MESH_COURANT_LIMIT = 0 (INACTIVE) for region AriaRegion in time block TRANSIENT_time_stepping_block
DEFAULTING MINIMUM_TIME_STEP_SIZE = 1.0e-16 for region AriaRegion in time block TRANSIENT_time_stepping_block
DEFAULTING MAXIMUM_TIME_STEP_SIZE = 1.79769e+308 for region AriaRegion in time block TRANSIENT_time_stepping_block
TIME_STEP_VARIATION is FIXED
DEFAULTING PREDICTOR-CORRECTOR_NORMALIZATION = MAX for block.
DEFAULTING FAILED_TIME_STEP_SIZE_RATIO = 0.500000 for region AriaRegion in time block TRANSIENT_time_stepping_block
DEFAULTING MINIMUM_ACCEPTABLE_TIME_STEP_SIZE_RATIO = FAILED_TIME_STEP_SIZE_RATIO = 0.500000 for region AriaRegion in time block TRANSIENT_time_stepping_block
DEFAULTING MAXIMUM_TIME_STEP_SIZE_RATIO = 2.00000 for region AriaRegion in time block TRANSIENT_time_stepping_block
DEFAULTING MINIMUM_RESOLVED_TIME_STEP_SIZE = 0.0 for region AriaRegion in time block TRANSIENT_time_stepping_block
DEFAULTING MAXIMUM_LINEAR_RESIDUAL_RATIO = 1.00000e+24 for region AriaRegion in time block TRANSIENT_time_stepping_block
DEFAULTING PREDICTOR_ORDER = 1
DEFAULTING ORDER_SWITCH = 0
DEFAULTING USE_INITIAL_RESIDUAL_TOLERANCE_FOR_DT = false for region AriaRegion in time block TRANSIENT_time_stepping_block
DEFAULTING INITIAL_NONLINEAR_RESIDUAL_TOLERANCE_FOR_TIME_STEP_CONTROL = 1.00000 for region AriaRegion in time block TRANSIENT_time_stepping_block
DEFAULTING RESET_INITIAL_TIME_STEP_SIZE off -  for region AriaRegion in time block TRANSIENT_time_stepping_block
DEFAULTING MAXIMUM_CONSECUTIVE_TIME_STEP_FAILURES for region AriaRegion in time block TRANSIENT_time_stepping_block
Flagging Aria region "AriaRegion" as transient.
DEFAULTING PREDICTOR-CORRECTOR_BEGIN_AFTER_STEP = 2.
Parsing input for region "AriaRegion" {

  Default mesh groups are:
    'all_blocks', 'all_surfaces', 'all_volumes', 'NODESET_1', 'SIDESET_1', 'SIDESET_13',
    'SIDESET_2', 'SURFACE_13', 'surface__void_block_1_tri3', 'surface_block_1_tri3_1',
    'surface_block_1_tri3_2', 'Tetrahedron_4_blocks'
  Setting Aria to Single Equation System Mode
  Building PP_Driver equation_system = main
  Added level 0 nonlinear control "Level_Zero_Controller"
  Setting Dirichlet BC enforcement to maintain symmetry for the solver: the_linear_solver
  Creating IC on block_1 with model CONSTANT_TEMPERATURE
  BC Dirichlet Params: VALUE = 2.00000000000000000e+01
  Creating Event AriaRegion_REINITIALIZE for re-initialization of region.
  Creating Event AriaRegion_REINITIALIZE_LEVELSETS for re-initialization of level set field(s).
  Configuring shared enclosure definitions ... {
  }
  Using CARTESIAN coordinate system.
  Setting Aria to Single Equation System Mode
  Configuring Bulk Fluid Elements for AriaRegion {
    Checking for bulk node flux BC's that need to be applied to multiple equation systems.
  }
  Configuring Integrated Closed Surface Volume for region "AriaRegion" equation system "main"... {
  }
  Configuring Advective Bar Networks for region "AriaRegion" equation system "main"... {
  }
  Configuring Element mechanics for region "AriaRegion" equation system "main"... {
    Setting workset size of 512 for Equation_System_main_assemble_ENERGY_on_block_1
    Equation_System_main_assemble_ENERGY_on_block_1 will execute on the device
  }
  Configuring Dirichlet BC mechanics for region "AriaRegion" equation system "main"... {
  }
  Configuring Convective Flux for region "AriaRegion" equation system "main"... {
  }
  Configuring IC Expr mechanics for region "AriaRegion" equation system "main"... {
  }
  Configuring Generalized Contact mechanics for region "AriaRegion" equation system "main"... {
    No contacts to setup.
  }
  Configuring Enclosure Radiation BC mechanics for region "AriaRegion" equation system "main"... {
  }
  Configuring Flux BC mechanics for region "AriaRegion" equation system "main"... {
    Setting workset size of 512 for main:GALERKIN_FEM_FLUX_BCs_on_surface_2_alg_against_block_1
    main:GALERKIN_FEM_FLUX_BCs_on_surface_2_alg_against_block_1 will execute on the device
    Building power output postprocessors. {
    }
  }
  Configuring Bulk Node Couplings for region "AriaRegion" equation system "main"... {
  }
  Auxiliary configuration for Volume Src region "AriaRegion" equation system "main"... {
  }
  Configuring Embedded BC mechanics for region "AriaRegion" equation system "main"... {
  }
  Equation system main will predict TEMPERATURE
  Configuring ShapeGradient {
    Setting workset size of 64 for GeneralElemAlg_ShapeGradient on block_1
      Will execute on the host
  }
  Configuring ShapeGradient {
  }
  Configuring AdjointRHSUtility {
    Setting workset size of 512 for GeneralElemAlg_AdjointRHSUtility on block_1
      Will execute on the device
  }
  Configuring AdjointRHSUtility {
  }
  Configuring Utility Bulknode_Integrated_Flux_Util_main_area_pp
  Configuring Bulknode_Integrated_Flux_Util_main_area_pp {
  }
  Configuring Utility AdvectiveBar_Integrated_Flux_Util_main_area_pp
  Configuring AdvectiveBar_Integrated_Flux_Util_main_area_pp {
  }
}

There were no errors encountered during parse
There were no warnings encountered during parse
Verifying transfer operations for region "AriaRegion"...  {
}
+----+----+----+----+----+----+----+----+----+----+----+----+----+----+----+----
Running procedure ariaProcedure                             May 31 2024 09:05:43
Reading mesh                                                May 31 2024 09:05:43

+----+----+----+----+----+----+----+----+----+----+----+----+----+----+----+----
Initializing procedure                                      May 31 2024 09:05:43

Aria Region "AriaRegion" has the following fields available for output:
  NODE_RANK Fields:
    * AdjointSourceField
    * Aria_Node_Global_Id_Field_main
    * Aria_Node_Local_Id_Field_main
    * anti_time_derivative_at_time->TEMPERATURE
    * anti_time_derivative_at_time->TEMPERATURE_STKFS_OLD
    * model_coordinates
    * physical_coordinates
    * predicted_solution->TEMPERATURE
    * shape_gradient_field
    * solution->TEMPERATURE
    * solution->TEMPERATURE_STKFS_OLD
    * storedAdjointSolution
    * storedForwardSolution
    * time_derivative_at_time->TEMPERATURE
    * time_derivative_at_time->TEMPERATURE_STKFS_OLD
  FACE_RANK Fields:
    * face_coverage
  ELEMENT_RANK Fields:
    * current_element_volume
    * initial_element_volume
    * volume_change_ratio
  Global Variables:
    * dt
    * number_of_elements
    * number_of_nodes
    * time
Aria Region "AriaRegion" has the following fields available for output:
  NODE_RANK Fields:
    * AdjointSourceField
    * Aria_Node_Global_Id_Field_main
    * Aria_Node_Local_Id_Field_main
    * anti_time_derivative_at_time->TEMPERATURE
    * anti_time_derivative_at_time->TEMPERATURE_STKFS_OLD
    * model_coordinates
    * physical_coordinates
    * predicted_solution->TEMPERATURE
    * shape_gradient_field
    * solution->TEMPERATURE
    * solution->TEMPERATURE_STKFS_OLD
    * storedAdjointSolution
    * storedForwardSolution
    * time_derivative_at_time->TEMPERATURE
    * time_derivative_at_time->TEMPERATURE_STKFS_OLD
  FACE_RANK Fields:
    * face_coverage
  ELEMENT_RANK Fields:
    * current_element_volume
    * initial_element_volume
    * volume_change_ratio
  Global Variables:
    * dt
    * number_of_elements
    * number_of_nodes
    * time
INVERSE: Solving forward problem. {
+----+----+----+----+----+----+----+----+----+----+----+----+----+----+----+----
Executing procedure                                         May 31 2024 09:05:44


Transient Time_Stepping_Block, start 0, stop 3600, onset 0
Minimum Time Step Selection:
        min           max
     1.000e-16     6.000e+02     AriaRegion
Transient time_stepping_block: dt = 600
  INVERSE: Storing solution for step 0, time = 0.00000
Transient Time_Stepping_Block, step 1, time 6.0000e+02, time step 6.0000e+02, 16.67% complete
  Memory Usage: current = 181600256 (173.2 M), high-water-mark = 308064256 (293.8 M)
  DEFAULTING PREDICTOR-CORRECTOR_BEGIN_AFTER_STEP = 2.
   
  Equation System AriaRegion->main:
   * Step  : Transient, Strategy: NEWTON, Time: 6.00e+02, Step: 6.00e+02
   * Matrix: Solver: "linear_solver", Unknowns: 2861, Nonzeros: 34935
   * Mesh  : Processor 0 of 1: 11444 of 11444 elems, 2861 of 2861 nodes
    N O N L I N E A R                 L I N E A R               
  ----------------------   --------------------------------------
  Step  Resid    Delta     Itns  Status   Resid    Asm/Slv Time
  ---- -------- --------   ---- -------- -------- ---------------
     1 4.77e+08 8.67e+02    107       ok 7.59e-09 1.4e-02/2.0e-02
     2 3.63e+00 3.83e-06    109       ok 6.02e-09 1.3e-02/1.9e-02
     3 1.53e-06 5.71e-14    102       ok 9.94e-09 1.4e-02/1.8e-02
  Termination reason: 5.71317e-14 < nonlinear_correction_tolerance(1e-06)
   
  Field            min     @ id    max     @ id max-chg  @ id pred-err  pred-min  @ id  pred-max  @ id
  ------------- ---------- ---- ---------- ---- -------- ---- -------- ---------- ---- ---------- ----
    TEMPERATURE 1.2824e+01  288 2.0000e+01   17 1.99e+01  343 8.11e-01 0.0000e+00    1 2.0000e+01   17
   
  time_derivative_at_time->TEMPERATURE :
    MIN(value,loc) = (0.00e+00, 17) : MAX(value,loc) = (3.31e-02, 343)
  Segregated solution procedure converged after 1 iterations.
  Global Variable Value
  --------------- -----
  Region::execute() time for AriaRegion: 1.41e-01 sec.
  INVERSE: Storing solution for step 1, time = 6.00e+02
Minimum Time Step Selection:
        min           max
     1.000e-16     6.000e+02     AriaRegion
Transient time_stepping_block: dt = 600
Transient Time_Stepping_Block, step 2, time 1.2000e+03, time step 6.0000e+02, 33.33% complete
  Memory Usage: current = 185921536 (177.3 M), high-water-mark = 308064256 (293.8 M)
   
  Equation System AriaRegion->main:
   * Step  : Transient, Strategy: NEWTON, Time: 1.20e+03, Step: 6.00e+02
   * Matrix: Solver: "linear_solver", Unknowns: 2861, Nonzeros: 34935
   * Mesh  : Processor 0 of 1: 11444 of 11444 elems, 2861 of 2861 nodes
    N O N L I N E A R                 L I N E A R               
  ----------------------   --------------------------------------
  Step  Resid    Delta     Itns  Status   Resid    Asm/Slv Time
  ---- -------- --------   ---- -------- -------- ---------------
  1    4.77e+08 8.56e+02   107   ok      7.54e-09 1.3e-02/1.9e-02
  2    3.60e+00 3.79e-06   109   ok      7.67e-09 1.3e-02/2.0e-02
  3    1.45e-06 5.80e-14   100   ok      8.87e-09 1.3e-02/1.8e-02
  Termination reason: 5.80447e-14 < nonlinear_correction_tolerance(1e-06)
   
  Field            min     @ id    max     @ id max-chg  @ id pred-err  pred-min  @ id  pred-max  @ id
  ------------- ---------- ---- ---------- ---- -------- ---- -------- ---------- ---- ---------- ----
    TEMPERATURE 1.3169e+01  288 2.0000e+01   17 3.45e-01  232 8.00e-01 2.0000e+01   17 3.9754e+01  343
   
  time_derivative_at_time->TEMPERATURE :
    MIN(value,loc) = (0.00e+00, 17) : MAX(value,loc) = (5.76e-04, 232)
  Segregated solution procedure converged after 1 iterations.
  Global Variable Value
  --------------- -----
  Region::execute() time for AriaRegion: 9.87e-02 sec.
  INVERSE: Storing solution for step 2, time = 1.20e+03
Minimum Time Step Selection:
        min           max
     1.000e-16     6.000e+02     AriaRegion
Transient time_stepping_block: dt = 600
Transient Time_Stepping_Block, step 3, time 1.8000e+03, time step 6.0000e+02, 50.00% complete
  Memory Usage: current = 185921536 (177.3 M), high-water-mark = 308064256 (293.8 M)
   
  Equation System AriaRegion->main:
   * Step  : Transient, Strategy: NEWTON, Time: 1.80e+03, Step: 6.00e+02
   * Matrix: Solver: "linear_solver", Unknowns: 2861, Nonzeros: 34935
   * Mesh  : Processor 0 of 1: 11444 of 11444 elems, 2861 of 2861 nodes
    N O N L I N E A R                 L I N E A R               
  ----------------------   --------------------------------------
  Step  Resid    Delta     Itns  Status   Resid    Asm/Slv Time
  ---- -------- --------   ---- -------- -------- ---------------
  1    6.35e+04 1.29e+01   111   ok      4.67e-09 1.3e-02/2.0e-02
  2    2.97e-04 8.11e-11   104   ok      6.78e-09 1.3e-02/1.8e-02
  Termination reason: 8.10607e-11 < nonlinear_correction_tolerance(1e-06)
   
  Field            min     @ id    max     @ id max-chg  @ id pred-err  pred-min  @ id  pred-max  @ id
  ------------- ---------- ---- ---------- ---- -------- ---- -------- ---------- ---- ---------- ----
    TEMPERATURE 1.3176e+01  288 2.0000e+01   17 6.99e-03  232 1.20e-02 1.3515e+01  288 2.0000e+01   17
   
  time_derivative_at_time->TEMPERATURE :
    MIN(value,loc) = (0.00e+00, 17) : MAX(value,loc) = (1.16e-05, 232)
  Segregated solution procedure converged after 1 iterations.
  Global Variable Value
  --------------- -----
  Region::execute() time for AriaRegion: 6.57e-02 sec.
  INVERSE: Storing solution for step 3, time = 1.80e+03
Minimum Time Step Selection:
        min           max
     1.000e-16     6.000e+02     AriaRegion
Transient time_stepping_block: dt = 600
Transient Time_Stepping_Block, step 4, time 2.4000e+03, time step 6.0000e+02, 66.67% complete
  Memory Usage: current = 185921536 (177.3 M), high-water-mark = 308064256 (293.8 M)
   
  Equation System AriaRegion->main:
   * Step  : Transient, Strategy: NEWTON, Time: 2.40e+03, Step: 6.00e+02
   * Matrix: Solver: "linear_solver", Unknowns: 2861, Nonzeros: 34935
   * Mesh  : Processor 0 of 1: 11444 of 11444 elems, 2861 of 2861 nodes
    N O N L I N E A R                 L I N E A R               
  ----------------------   --------------------------------------
  Step  Resid    Delta     Itns  Status   Resid    Asm/Slv Time
  ---- -------- --------   ---- -------- -------- ---------------
  1    9.37e+02 2.50e-01   107   ok      7.14e-09 1.2e-02/1.9e-02
  2    6.77e-06 6.60e-12   110   ok      7.29e-09 1.3e-02/1.9e-02
  Termination reason: 6.60454e-12 < nonlinear_correction_tolerance(1e-06)
   
  Field            min     @ id    max     @ id max-chg  @ id pred-err  pred-min  @ id  pred-max  @ id
  ------------- ---------- ---- ---------- ---- -------- ---- -------- ---------- ---- ---------- ----
    TEMPERATURE 1.3177e+01  288 2.0000e+01   17 1.37e-04  232 2.33e-04 1.3183e+01  288 2.0000e+01   17
   
  time_derivative_at_time->TEMPERATURE :
    MIN(value,loc) = (0.00e+00, 17) : MAX(value,loc) = (2.29e-07, 232)
  Segregated solution procedure converged after 1 iterations.
  Global Variable Value
  --------------- -----
  Region::execute() time for AriaRegion: 6.49e-02 sec.
  INVERSE: Storing solution for step 4, time = 2.40e+03
Minimum Time Step Selection:
        min           max
     1.000e-16     6.000e+02     AriaRegion
Transient time_stepping_block: dt = 600
Transient Time_Stepping_Block, step 5, time 3.0000e+03, time step 6.0000e+02, 83.33% complete
  Memory Usage: current = 185921536 (177.3 M), high-water-mark = 308064256 (293.8 M)
   
  Equation System AriaRegion->main:
   * Step  : Transient, Strategy: NEWTON, Time: 3.00e+03, Step: 6.00e+02
   * Matrix: Solver: "linear_solver", Unknowns: 2861, Nonzeros: 34935
   * Mesh  : Processor 0 of 1: 11444 of 11444 elems, 2861 of 2861 nodes
    N O N L I N E A R                 L I N E A R               
  ----------------------   --------------------------------------
  Step  Resid    Delta     Itns  Status   Resid    Asm/Slv Time
  ---- -------- --------   ---- -------- -------- ---------------
  1    1.83e+01 4.89e-03   107   ok      6.73e-09 1.3e-02/1.9e-02
  2    8.01e-07                 NoOp              1.3e-02
  Termination reason: 8.01425e-07 < nonlinear_residual_tolerance(1e-06),
                  and 0 < nonlinear_correction_tolerance(1e-06)
   
  Field            min     @ id    max     @ id max-chg  @ id pred-err  pred-min  @ id  pred-max  @ id
  ------------- ---------- ---- ---------- ---- -------- ---- -------- ---------- ---- ---------- ----
    TEMPERATURE 1.3177e+01  288 2.0000e+01   17 2.69e-06  232 4.57e-06 1.3177e+01  288 2.0000e+01   17
   
  time_derivative_at_time->TEMPERATURE :
    MIN(value,loc) = (0.00e+00, 17) : MAX(value,loc) = (4.49e-09, 232)
  Segregated solution procedure converged after 1 iterations.
  Global Variable Value
  --------------- -----
  Region::execute() time for AriaRegion: 4.70e-02 sec.
  INVERSE: Storing solution for step 5, time = 3.00e+03
Minimum Time Step Selection:
        min           max
     1.000e-16     6.000e+02     AriaRegion
Transient time_stepping_block: dt = 600
Transient Time_Stepping_Block, step 6, time 3.6000e+03, time step 6.0000e+02, 100.00% complete
  Memory Usage: current = 185921536 (177.3 M), high-water-mark = 308064256 (293.8 M)
   
  Equation System AriaRegion->main:
   * Step  : Transient, Strategy: NEWTON, Time: 3.60e+03, Step: 6.00e+02
   * Matrix: Solver: "linear_solver", Unknowns: 2861, Nonzeros: 34935
   * Mesh  : Processor 0 of 1: 11444 of 11444 elems, 2861 of 2861 nodes
    N O N L I N E A R                 L I N E A R               
  ----------------------   --------------------------------------
  Step  Resid    Delta     Itns  Status   Resid    Asm/Slv Time
  ---- -------- --------   ---- -------- -------- ---------------
  1    3.59e-01 9.59e-05   107   ok      7.51e-09 1.3e-02/2.0e-02
  2    1.69e-06 5.42e-14   101   ok      5.83e-09 1.4e-02/1.7e-02
  Termination reason: 5.42082e-14 < nonlinear_correction_tolerance(1e-06)
   
  Field            min     @ id    max     @ id max-chg  @ id pred-err  pred-min  @ id  pred-max  @ id
  ------------- ---------- ---- ---------- ---- -------- ---- -------- ---------- ---- ---------- ----
    TEMPERATURE 1.3177e+01  288 2.0000e+01   17 5.28e-08  232 8.96e-08 1.3177e+01  288 2.0000e+01   17
   
  time_derivative_at_time->TEMPERATURE :
    MIN(value,loc) = (0.00e+00, 17) : MAX(value,loc) = (8.80e-11, 232)
  Segregated solution procedure converged after 1 iterations.
  Global Variable Value
  --------------- -----
  Region::execute() time for AriaRegion: 6.63e-02 sec.
  INVERSE: Storing solution for step 6, time = 3.60e+03

Procedure ariaProcedure complete                            May 31 2024 09:05:44
}
Aria Region "AriaRegion" has the following fields available for output:
  NODE_RANK Fields:
    * AdjointSourceField
    * Aria_Node_Global_Id_Field_main
    * Aria_Node_Local_Id_Field_main
    * anti_time_derivative_at_time->TEMPERATURE
    * anti_time_derivative_at_time->TEMPERATURE_STKFS_OLD
    * model_coordinates
    * physical_coordinates
    * predicted_solution->TEMPERATURE
    * shape_gradient_field
    * solution->TEMPERATURE
    * solution->TEMPERATURE_STKFS_OLD
    * storedAdjointSolution
    * storedForwardSolution
    * time_derivative_at_time->TEMPERATURE
    * time_derivative_at_time->TEMPERATURE_STKFS_OLD
  FACE_RANK Fields:
    * face_coverage
  ELEMENT_RANK Fields:
    * current_element_volume
    * initial_element_volume
    * volume_change_ratio
  Global Variables:
    * dt
    * number_of_elements
    * number_of_nodes
    * time
INVERSE: Solving forward problem. {
  Aria Region "AriaRegion" has the following fields available for output:
    NODE_RANK Fields:
      * AdjointSourceField
      * Aria_Node_Global_Id_Field_main
      * Aria_Node_Local_Id_Field_main
      * anti_time_derivative_at_time->TEMPERATURE
      * anti_time_derivative_at_time->TEMPERATURE_STKFS_OLD
      * model_coordinates
      * physical_coordinates
      * predicted_solution->TEMPERATURE
      * shape_gradient_field
      * solution->TEMPERATURE
      * solution->TEMPERATURE_STKFS_OLD
      * storedAdjointSolution
      * storedForwardSolution
      * time_derivative_at_time->TEMPERATURE
      * time_derivative_at_time->TEMPERATURE_STKFS_OLD
    FACE_RANK Fields:
      * face_coverage
    ELEMENT_RANK Fields:
      * current_element_volume
      * initial_element_volume
      * volume_change_ratio
    Global Variables:
      * dt
      * number_of_elements
      * number_of_nodes
      * time
+----+----+----+----+----+----+----+----+----+----+----+----+----+----+----+----
Executing procedure                                         May 31 2024 09:05:45


Transient Time_Stepping_Block, start 0, stop 3600, onset 0
Minimum Time Step Selection:
        min           max
     1.000e-16     6.000e+02     AriaRegion
Transient time_stepping_block: dt = 600
  INVERSE: Storing solution for step 0, time = 0.00e+00
Transient Time_Stepping_Block, step 1, time 6.0000e+02, time step 6.0000e+02, 16.67% complete
  Memory Usage: current = 185942016 (177.3 M), high-water-mark = 308064256 (293.8 M)
  DEFAULTING PREDICTOR-CORRECTOR_BEGIN_AFTER_STEP = 2.
   
  Equation System AriaRegion->main:
   * Step  : Transient, Strategy: NEWTON, Time: 6.00e+02, Step: 6.00e+02
   * Matrix: Solver: "linear_solver", Unknowns: 2861, Nonzeros: 34935
   * Mesh  : Processor 0 of 1: 11444 of 11444 elems, 2861 of 2861 nodes
    N O N L I N E A R                 L I N E A R               
  ----------------------   --------------------------------------
  Step  Resid    Delta     Itns  Status   Resid    Asm/Slv Time
  ---- -------- --------   ---- -------- -------- ---------------
  1    4.77e+08 8.67e+02   107   ok      7.59e-09 1.3e-02/1.9e-02
  2    3.63e+00 3.83e-06   109   ok      6.02e-09 1.3e-02/1.9e-02
  3    1.53e-06 5.71e-14   102   ok      9.94e-09 1.3e-02/1.8e-02
  Termination reason: 5.71317e-14 < nonlinear_correction_tolerance(1e-06)
   
  Field            min     @ id    max     @ id max-chg  @ id pred-err  pred-min  @ id  pred-max  @ id
  ------------- ---------- ---- ---------- ---- -------- ---- -------- ---------- ---- ---------- ----
    TEMPERATURE 1.2824e+01  288 2.0000e+01   17 1.99e+01  343 8.11e-01 0.0000e+00    1 2.0000e+01   17
   
  time_derivative_at_time->TEMPERATURE :
    MIN(value,loc) = (0.00e+00, 17) : MAX(value,loc) = (3.31e-02, 343)
  Segregated solution procedure converged after 1 iterations.
  Global Variable Value
  --------------- -----
  Region::execute() time for AriaRegion: 1.38e-01 sec.
  INVERSE: Storing solution for step 1, time = 6.00e+02
Minimum Time Step Selection:
        min           max
     1.000e-16     6.000e+02     AriaRegion
Transient time_stepping_block: dt = 600
Transient Time_Stepping_Block, step 2, time 1.2000e+03, time step 6.0000e+02, 33.33% complete
  Memory Usage: current = 185942016 (177.3 M), high-water-mark = 308064256 (293.8 M)
   
  Equation System AriaRegion->main:
   * Step  : Transient, Strategy: NEWTON, Time: 1.20e+03, Step: 6.00e+02
   * Matrix: Solver: "linear_solver", Unknowns: 2861, Nonzeros: 34935
   * Mesh  : Processor 0 of 1: 11444 of 11444 elems, 2861 of 2861 nodes
    N O N L I N E A R                 L I N E A R               
  ----------------------   --------------------------------------
  Step  Resid    Delta     Itns  Status   Resid    Asm/Slv Time
  ---- -------- --------   ---- -------- -------- ---------------
  1    4.77e+08 8.56e+02   107   ok      7.54e-09 1.3e-02/1.9e-02
  2    3.60e+00 3.79e-06   109   ok      7.67e-09 1.3e-02/1.9e-02
  3    1.45e-06 5.80e-14   100   ok      8.87e-09 1.3e-02/1.8e-02
  Termination reason: 5.80447e-14 < nonlinear_correction_tolerance(1e-06)
   
  Field            min     @ id    max     @ id max-chg  @ id pred-err  pred-min  @ id  pred-max  @ id
  ------------- ---------- ---- ---------- ---- -------- ---- -------- ---------- ---- ---------- ----
    TEMPERATURE 1.3169e+01  288 2.0000e+01   17 3.45e-01  232 8.00e-01 2.0000e+01   17 3.9754e+01  343
   
  time_derivative_at_time->TEMPERATURE :
    MIN(value,loc) = (0.00e+00, 17) : MAX(value,loc) = (5.76e-04, 232)
  Segregated solution procedure converged after 1 iterations.
  Global Variable Value
  --------------- -----
  Region::execute() time for AriaRegion: 9.59e-02 sec.
  INVERSE: Storing solution for step 2, time = 1.20e+03
Minimum Time Step Selection:
        min           max
     1.000e-16     6.000e+02     AriaRegion
Transient time_stepping_block: dt = 600
Transient Time_Stepping_Block, step 3, time 1.8000e+03, time step 6.0000e+02, 50.00% complete
  Memory Usage: current = 185942016 (177.3 M), high-water-mark = 308064256 (293.8 M)
   
  Equation System AriaRegion->main:
   * Step  : Transient, Strategy: NEWTON, Time: 1.80e+03, Step: 6.00e+02
   * Matrix: Solver: "linear_solver", Unknowns: 2861, Nonzeros: 34935
   * Mesh  : Processor 0 of 1: 11444 of 11444 elems, 2861 of 2861 nodes
    N O N L I N E A R                 L I N E A R               
  ----------------------   --------------------------------------
  Step  Resid    Delta     Itns  Status   Resid    Asm/Slv Time
  ---- -------- --------   ---- -------- -------- ---------------
  1    6.35e+04 1.29e+01   111   ok      4.67e-09 1.3e-02/1.9e-02
  2    2.97e-04 8.11e-11   104   ok      6.78e-09 1.3e-02/1.8e-02
  Termination reason: 8.10607e-11 < nonlinear_correction_tolerance(1e-06)
   
  Field            min     @ id    max     @ id max-chg  @ id pred-err  pred-min  @ id  pred-max  @ id
  ------------- ---------- ---- ---------- ---- -------- ---- -------- ---------- ---- ---------- ----
    TEMPERATURE 1.3176e+01  288 2.0000e+01   17 6.99e-03  232 1.20e-02 1.3515e+01  288 2.0000e+01   17
   
  time_derivative_at_time->TEMPERATURE :
    MIN(value,loc) = (0.00e+00, 17) : MAX(value,loc) = (1.16e-05, 232)
  Segregated solution procedure converged after 1 iterations.
  Global Variable Value
  --------------- -----
  Region::execute() time for AriaRegion: 6.49e-02 sec.
  INVERSE: Storing solution for step 3, time = 1.80e+03
Minimum Time Step Selection:
        min           max
     1.000e-16     6.000e+02     AriaRegion
Transient time_stepping_block: dt = 600
Transient Time_Stepping_Block, step 4, time 2.4000e+03, time step 6.0000e+02, 66.67% complete
  Memory Usage: current = 185942016 (177.3 M), high-water-mark = 308064256 (293.8 M)
   
  Equation System AriaRegion->main:
   * Step  : Transient, Strategy: NEWTON, Time: 2.40e+03, Step: 6.00e+02
   * Matrix: Solver: "linear_solver", Unknowns: 2861, Nonzeros: 34935
   * Mesh  : Processor 0 of 1: 11444 of 11444 elems, 2861 of 2861 nodes
    N O N L I N E A R                 L I N E A R               
  ----------------------   --------------------------------------
  Step  Resid    Delta     Itns  Status   Resid    Asm/Slv Time
  ---- -------- --------   ---- -------- -------- ---------------
  1    9.37e+02 2.50e-01   107   ok      7.14e-09 1.2e-02/1.8e-02
  2    6.77e-06 6.60e-12   110   ok      7.29e-09 1.3e-02/1.9e-02
  Termination reason: 6.60454e-12 < nonlinear_correction_tolerance(1e-06)
   
  Field            min     @ id    max     @ id max-chg  @ id pred-err  pred-min  @ id  pred-max  @ id
  ------------- ---------- ---- ---------- ---- -------- ---- -------- ---------- ---- ---------- ----
    TEMPERATURE 1.3177e+01  288 2.0000e+01   17 1.37e-04  232 2.33e-04 1.3183e+01  288 2.0000e+01   17
   
  time_derivative_at_time->TEMPERATURE :
    MIN(value,loc) = (0.00e+00, 17) : MAX(value,loc) = (2.29e-07, 232)
  Segregated solution procedure converged after 1 iterations.
  Global Variable Value
  --------------- -----
  Region::execute() time for AriaRegion: 6.41e-02 sec.
  INVERSE: Storing solution for step 4, time = 2.40e+03
Minimum Time Step Selection:
        min           max
     1.000e-16     6.000e+02     AriaRegion
Transient time_stepping_block: dt = 600
Transient Time_Stepping_Block, step 5, time 3.0000e+03, time step 6.0000e+02, 83.33% complete
  Memory Usage: current = 185942016 (177.3 M), high-water-mark = 308064256 (293.8 M)
   
  Equation System AriaRegion->main:
   * Step  : Transient, Strategy: NEWTON, Time: 3.00e+03, Step: 6.00e+02
   * Matrix: Solver: "linear_solver", Unknowns: 2861, Nonzeros: 34935
   * Mesh  : Processor 0 of 1: 11444 of 11444 elems, 2861 of 2861 nodes
    N O N L I N E A R                 L I N E A R               
  ----------------------   --------------------------------------
  Step  Resid    Delta     Itns  Status   Resid    Asm/Slv Time
  ---- -------- --------   ---- -------- -------- ---------------
  1    1.83e+01 4.89e-03   107   ok      6.73e-09 1.2e-02/1.9e-02
  2    8.01e-07                 NoOp              1.2e-02
  Termination reason: 8.01425e-07 < nonlinear_residual_tolerance(1e-06),
                  and 0 < nonlinear_correction_tolerance(1e-06)
   
  Field            min     @ id    max     @ id max-chg  @ id pred-err  pred-min  @ id  pred-max  @ id
  ------------- ---------- ---- ---------- ---- -------- ---- -------- ---------- ---- ---------- ----
    TEMPERATURE 1.3177e+01  288 2.0000e+01   17 2.69e-06  232 4.57e-06 1.3177e+01  288 2.0000e+01   17
   
  time_derivative_at_time->TEMPERATURE :
    MIN(value,loc) = (0.00e+00, 17) : MAX(value,loc) = (4.49e-09, 232)
  Segregated solution procedure converged after 1 iterations.
  Global Variable Value
  --------------- -----
  Region::execute() time for AriaRegion: 4.49e-02 sec.
  INVERSE: Storing solution for step 5, time = 3.00e+03
Minimum Time Step Selection:
        min           max
     1.000e-16     6.000e+02     AriaRegion
Transient time_stepping_block: dt = 600
Transient Time_Stepping_Block, step 6, time 3.6000e+03, time step 6.0000e+02, 100.00% complete
  Memory Usage: current = 185942016 (177.3 M), high-water-mark = 308064256 (293.8 M)
   
  Equation System AriaRegion->main:
   * Step  : Transient, Strategy: NEWTON, Time: 3.60e+03, Step: 6.00e+02
   * Matrix: Solver: "linear_solver", Unknowns: 2861, Nonzeros: 34935
   * Mesh  : Processor 0 of 1: 11444 of 11444 elems, 2861 of 2861 nodes
    N O N L I N E A R                 L I N E A R               
  ----------------------   --------------------------------------
  Step  Resid    Delta     Itns  Status   Resid    Asm/Slv Time
  ---- -------- --------   ---- -------- -------- ---------------
  1    3.59e-01 9.59e-05   107   ok      7.51e-09 1.4e-02/2.0e-02
  2    1.69e-06 5.42e-14   101   ok      5.83e-09 1.4e-02/1.9e-02
  Termination reason: 5.42082e-14 < nonlinear_correction_tolerance(1e-06)
   
  Field            min     @ id    max     @ id max-chg  @ id pred-err  pred-min  @ id  pred-max  @ id
  ------------- ---------- ---- ---------- ---- -------- ---- -------- ---------- ---- ---------- ----
    TEMPERATURE 1.3177e+01  288 2.0000e+01   17 5.28e-08  232 8.96e-08 1.3177e+01  288 2.0000e+01   17
   
  time_derivative_at_time->TEMPERATURE :
    MIN(value,loc) = (0.00e+00, 17) : MAX(value,loc) = (8.80e-11, 232)
  Segregated solution procedure converged after 1 iterations.
  Global Variable Value
  --------------- -----
  Region::execute() time for AriaRegion: 6.89e-02 sec.
  INVERSE: Storing solution for step 6, time = 3.60e+03

Procedure ariaProcedure complete                            May 31 2024 09:05:45
}
INVERSE: Solving adjoint problem. {
  Aria Region "AriaRegion" has the following fields available for output:
    NODE_RANK Fields:
      * AdjointSourceField
      * Aria_Node_Global_Id_Field_main
      * Aria_Node_Local_Id_Field_main
      * anti_time_derivative_at_time->TEMPERATURE
      * anti_time_derivative_at_time->TEMPERATURE_STKFS_OLD
      * model_coordinates
      * physical_coordinates
      * predicted_solution->TEMPERATURE
      * shape_gradient_field
      * solution->TEMPERATURE
      * solution->TEMPERATURE_STKFS_OLD
      * storedAdjointSolution
      * storedForwardSolution
      * time_derivative_at_time->TEMPERATURE
      * time_derivative_at_time->TEMPERATURE_STKFS_OLD
    FACE_RANK Fields:
      * face_coverage
    ELEMENT_RANK Fields:
      * current_element_volume
      * initial_element_volume
      * volume_change_ratio
    Global Variables:
      * dt
      * number_of_elements
      * number_of_nodes
      * time
  INVERSE: Storing adjoint solution for step 6
  INVERSE: Storing adjoint solution for step 5
  INVERSE: Storing adjoint solution for step 4
  INVERSE: Storing adjoint solution for step 3
  INVERSE: Storing adjoint solution for step 2
  INVERSE: Storing adjoint solution for step 1
}
Aria Region "AriaRegion" has the following fields available for output:
  NODE_RANK Fields:
    * AdjointSourceField
    * Aria_Node_Global_Id_Field_main
    * Aria_Node_Local_Id_Field_main
    * anti_time_derivative_at_time->TEMPERATURE
    * anti_time_derivative_at_time->TEMPERATURE_STKFS_OLD
    * model_coordinates
    * physical_coordinates
    * predicted_solution->TEMPERATURE
    * shape_gradient_field
    * solution->TEMPERATURE
    * solution->TEMPERATURE_STKFS_OLD
    * storedAdjointSolution
    * storedForwardSolution
    * time_derivative_at_time->TEMPERATURE
    * time_derivative_at_time->TEMPERATURE_STKFS_OLD
  FACE_RANK Fields:
    * face_coverage
  ELEMENT_RANK Fields:
    * current_element_volume
    * initial_element_volume
    * volume_change_ratio
  Global Variables:
    * dt
    * number_of_elements
    * number_of_nodes
    * time
INVERSE: Solving forward problem. {
  Aria Region "AriaRegion" has the following fields available for output:
    NODE_RANK Fields:
      * AdjointSourceField
      * Aria_Node_Global_Id_Field_main
      * Aria_Node_Local_Id_Field_main
      * anti_time_derivative_at_time->TEMPERATURE
      * anti_time_derivative_at_time->TEMPERATURE_STKFS_OLD
      * model_coordinates
      * physical_coordinates
      * predicted_solution->TEMPERATURE
      * shape_gradient_field
      * solution->TEMPERATURE
      * solution->TEMPERATURE_STKFS_OLD
      * storedAdjointSolution
      * storedForwardSolution
      * time_derivative_at_time->TEMPERATURE
      * time_derivative_at_time->TEMPERATURE_STKFS_OLD
    FACE_RANK Fields:
      * face_coverage
    ELEMENT_RANK Fields:
      * current_element_volume
      * initial_element_volume
      * volume_change_ratio
    Global Variables:
      * dt
      * number_of_elements
      * number_of_nodes
      * time
+----+----+----+----+----+----+----+----+----+----+----+----+----+----+----+----
Executing procedure                                         May 31 2024 09:05:47


Transient Time_Stepping_Block, start 0, stop 3600, onset 0
************************************************************************************************************************
**  Warning:
**  create_sideset: part nodelist_1 has rank NODE_RANK
************************************************************************************************************************


Minimum Time Step Selection:
        min           max
     1.000e-16     6.000e+02     AriaRegion
Transient time_stepping_block: dt = 600
  INVERSE: Storing solution for step 0, time = 0.00e+00
Transient Time_Stepping_Block, step 1, time 6.0000e+02, time step 6.0000e+02, 16.67% complete
  Memory Usage: current = 203362304 (193.9 M), high-water-mark = 308064256 (293.8 M)
  DEFAULTING PREDICTOR-CORRECTOR_BEGIN_AFTER_STEP = 2.
   
  Equation System AriaRegion->main:
   * Step  : Transient, Strategy: NEWTON, Time: 6.00e+02, Step: 6.00e+02
   * Matrix: Solver: "linear_solver", Unknowns: 2865, Nonzeros: 34983
   * Mesh  : Processor 0 of 1: 11458 of 11458 elems, 2865 of 2865 nodes
    N O N L I N E A R                 L I N E A R               
  ----------------------   --------------------------------------
  Step  Resid    Delta     Itns  Status   Resid    Asm/Slv Time
  ---- -------- --------   ---- -------- -------- ---------------
  1    4.77e+08 8.68e+02   111   ok      8.84e-09 1.3e-02/1.9e-02
  2    4.22e+00 2.72e-06   93    ok      9.75e-09 1.2e-02/1.6e-02
  3    2.00e-06 1.58e-12   106   ok      6.76e-09 1.2e-02/1.9e-02
  Termination reason: 1.58321e-12 < nonlinear_correction_tolerance(1e-06)
   
  Field            min     @ id    max     @ id max-chg  @ id pred-err  pred-min  @ id  pred-max  @ id
  ------------- ---------- ---- ---------- ---- -------- ---- -------- ---------- ---- ---------- ----
    TEMPERATURE 1.2825e+01  288 2.0000e+01   17 1.99e+01  343 8.11e-01 0.0000e+00    1 2.0000e+01   17
   
  time_derivative_at_time->TEMPERATURE :
    MIN(value,loc) = (0.00e+00, 17) : MAX(value,loc) = (3.31e-02, 343)
  Segregated solution procedure converged after 1 iterations.
  Global Variable Value
  --------------- -----
  Region::execute() time for AriaRegion: 1.34e-01 sec.
  INVERSE: Storing solution for step 1, time = 6.00e+02
Minimum Time Step Selection:
        min           max
     1.000e-16     6.000e+02     AriaRegion
Transient time_stepping_block: dt = 600
Transient Time_Stepping_Block, step 2, time 1.2000e+03, time step 6.0000e+02, 33.33% complete
  Memory Usage: current = 203362304 (193.9 M), high-water-mark = 308064256 (293.8 M)
   
  Equation System AriaRegion->main:
   * Step  : Transient, Strategy: NEWTON, Time: 1.20e+03, Step: 6.00e+02
   * Matrix: Solver: "linear_solver", Unknowns: 2865, Nonzeros: 34983
   * Mesh  : Processor 0 of 1: 11458 of 11458 elems, 2865 of 2865 nodes
    N O N L I N E A R                 L I N E A R               
  ----------------------   --------------------------------------
  Step  Resid    Delta     Itns  Status   Resid    Asm/Slv Time
  ---- -------- --------   ---- -------- -------- ---------------
  1    4.77e+08 8.57e+02   111   ok      9.51e-09 1.4e-02/2.0e-02
  2    4.54e+00 3.17e-06   113   ok      7.20e-09 1.3e-02/2.0e-02
  3    1.66e-06 7.44e-14   106   ok      9.03e-09 1.3e-02/1.9e-02
  Termination reason: 7.44178e-14 < nonlinear_correction_tolerance(1e-06)
   
  Field            min     @ id    max     @ id max-chg  @ id pred-err  pred-min  @ id  pred-max  @ id
  ------------- ---------- ---- ---------- ---- -------- ---- -------- ---------- ---- ---------- ----
    TEMPERATURE 1.3170e+01  288 2.0000e+01   17 3.45e-01  232 8.00e-01 2.0000e+01   17 3.9754e+01  343
   
  time_derivative_at_time->TEMPERATURE :
    MIN(value,loc) = (0.00e+00, 17) : MAX(value,loc) = (5.76e-04, 232)
  Segregated solution procedure converged after 1 iterations.
  Global Variable Value
  --------------- -----
  Region::execute() time for AriaRegion: 1.00e-01 sec.
  INVERSE: Storing solution for step 2, time = 1.20e+03
Minimum Time Step Selection:
        min           max
     1.000e-16     6.000e+02     AriaRegion
Transient time_stepping_block: dt = 600
Transient Time_Stepping_Block, step 3, time 1.8000e+03, time step 6.0000e+02, 50.00% complete
  Memory Usage: current = 203362304 (193.9 M), high-water-mark = 308064256 (293.8 M)
   
  Equation System AriaRegion->main:
   * Step  : Transient, Strategy: NEWTON, Time: 1.80e+03, Step: 6.00e+02
   * Matrix: Solver: "linear_solver", Unknowns: 2865, Nonzeros: 34983
   * Mesh  : Processor 0 of 1: 11458 of 11458 elems, 2865 of 2865 nodes
    N O N L I N E A R                 L I N E A R               
  ----------------------   --------------------------------------
  Step  Resid    Delta     Itns  Status   Resid    Asm/Slv Time
  ---- -------- --------   ---- -------- -------- ---------------
  1    6.36e+04 1.29e+01   113   ok      6.56e-09 1.3e-02/2.1e-02
  2    4.16e-04 2.21e-10   106   ok      7.49e-09 1.4e-02/1.9e-02
  Termination reason: 2.21173e-10 < nonlinear_correction_tolerance(1e-06)
   
  Field            min     @ id    max     @ id max-chg  @ id pred-err  pred-min  @ id  pred-max  @ id
  ------------- ---------- ---- ---------- ---- -------- ---- -------- ---------- ---- ---------- ----
    TEMPERATURE 1.3177e+01  288 2.0000e+01   17 6.99e-03  232 1.20e-02 1.3516e+01  293 2.0000e+01   17
   
  time_derivative_at_time->TEMPERATURE :
    MIN(value,loc) = (0.00e+00, 17) : MAX(value,loc) = (1.16e-05, 232)
  Segregated solution procedure converged after 1 iterations.
  Global Variable Value
  --------------- -----
  Region::execute() time for AriaRegion: 6.92e-02 sec.
  INVERSE: Storing solution for step 3, time = 1.80e+03
Minimum Time Step Selection:
        min           max
     1.000e-16     6.000e+02     AriaRegion
Transient time_stepping_block: dt = 600
Transient Time_Stepping_Block, step 4, time 2.4000e+03, time step 6.0000e+02, 66.67% complete
  Memory Usage: current = 203362304 (193.9 M), high-water-mark = 308064256 (293.8 M)
   
  Equation System AriaRegion->main:
   * Step  : Transient, Strategy: NEWTON, Time: 2.40e+03, Step: 6.00e+02
   * Matrix: Solver: "linear_solver", Unknowns: 2865, Nonzeros: 34983
   * Mesh  : Processor 0 of 1: 11458 of 11458 elems, 2865 of 2865 nodes
    N O N L I N E A R                 L I N E A R               
  ----------------------   --------------------------------------
  Step  Resid    Delta     Itns  Status   Resid    Asm/Slv Time
  ---- -------- --------   ---- -------- -------- ---------------
  1    9.37e+02 2.50e-01   113   ok      8.00e-09 1.3e-02/2.0e-02
  2    7.97e-06 5.51e-12   114   ok      7.64e-09 1.3e-02/2.0e-02
  Termination reason: 5.50938e-12 < nonlinear_correction_tolerance(1e-06)
   
  Field            min     @ id    max     @ id max-chg  @ id pred-err  pred-min  @ id  pred-max  @ id
  ------------- ---------- ---- ---------- ---- -------- ---- -------- ---------- ---- ---------- ----
    TEMPERATURE 1.3177e+01  288 2.0000e+01   17 1.37e-04  232 2.33e-04 1.3184e+01  288 2.0000e+01   17
   
  time_derivative_at_time->TEMPERATURE :
    MIN(value,loc) = (0.00e+00, 17) : MAX(value,loc) = (2.29e-07, 232)
  Segregated solution procedure converged after 1 iterations.
  Global Variable Value
  --------------- -----
  Region::execute() time for AriaRegion: 7.32e-02 sec.
  INVERSE: Storing solution for step 4, time = 2.40e+03
Minimum Time Step Selection:
        min           max
     1.000e-16     6.000e+02     AriaRegion
Transient time_stepping_block: dt = 600
Transient Time_Stepping_Block, step 5, time 3.0000e+03, time step 6.0000e+02, 83.33% complete
  Memory Usage: current = 203362304 (193.9 M), high-water-mark = 308064256 (293.8 M)
   
  Equation System AriaRegion->main:
   * Step  : Transient, Strategy: NEWTON, Time: 3.00e+03, Step: 6.00e+02
   * Matrix: Solver: "linear_solver", Unknowns: 2865, Nonzeros: 34983
   * Mesh  : Processor 0 of 1: 11458 of 11458 elems, 2865 of 2865 nodes
    N O N L I N E A R                 L I N E A R               
  ----------------------   --------------------------------------
  Step  Resid    Delta     Itns  Status   Resid    Asm/Slv Time
  ---- -------- --------   ---- -------- -------- ---------------
  1    1.83e+01 4.90e-03   111   ok      8.89e-09 1.3e-02/1.9e-02
  2    1.82e-06 1.81e-13   108   ok      9.74e-09 1.3e-02/1.9e-02
  Termination reason: 1.80862e-13 < nonlinear_correction_tolerance(1e-06)
   
  Field            min     @ id    max     @ id max-chg  @ id pred-err  pred-min  @ id  pred-max  @ id
  ------------- ---------- ---- ---------- ---- -------- ---- -------- ---------- ---- ---------- ----
    TEMPERATURE 1.3178e+01  288 2.0000e+01   17 2.69e-06  232 4.57e-06 1.3178e+01  288 2.0000e+01   17
   
  time_derivative_at_time->TEMPERATURE :
    MIN(value,loc) = (0.00e+00, 17) : MAX(value,loc) = (4.49e-09, 232)
  Segregated solution procedure converged after 1 iterations.
  Global Variable Value
  --------------- -----
  Region::execute() time for AriaRegion: 6.55e-02 sec.
  INVERSE: Storing solution for step 5, time = 3.00e+03
Minimum Time Step Selection:
        min           max
     1.000e-16     6.000e+02     AriaRegion
Transient time_stepping_block: dt = 600
Transient Time_Stepping_Block, step 6, time 3.6000e+03, time step 6.0000e+02, 100.00% complete
  Memory Usage: current = 203362304 (193.9 M), high-water-mark = 308064256 (293.8 M)
   
  Equation System AriaRegion->main:
   * Step  : Transient, Strategy: NEWTON, Time: 3.60e+03, Step: 6.00e+02
   * Matrix: Solver: "linear_solver", Unknowns: 2865, Nonzeros: 34983
   * Mesh  : Processor 0 of 1: 11458 of 11458 elems, 2865 of 2865 nodes
    N O N L I N E A R                 L I N E A R               
  ----------------------   --------------------------------------
  Step  Resid    Delta     Itns  Status   Resid    Asm/Slv Time
  ---- -------- --------   ---- -------- -------- ---------------
  1    3.59e-01 9.59e-05   111   ok      8.05e-09 1.3e-02/2.0e-02
  2    2.13e-06 5.41e-14   103   ok      7.96e-09 1.3e-02/1.8e-02
  Termination reason: 5.40992e-14 < nonlinear_correction_tolerance(1e-06)
   
  Field            min     @ id    max     @ id max-chg  @ id pred-err  pred-min  @ id  pred-max  @ id
  ------------- ---------- ---- ---------- ---- -------- ---- -------- ---------- ---- ---------- ----
    TEMPERATURE 1.3178e+01  288 2.0000e+01   17 5.28e-08  232 8.96e-08 1.3178e+01  288 2.0000e+01   17
   
  time_derivative_at_time->TEMPERATURE :
    MIN(value,loc) = (0.00e+00, 17) : MAX(value,loc) = (8.80e-11, 232)
  Segregated solution procedure converged after 1 iterations.
  Global Variable Value
  --------------- -----
  Region::execute() time for AriaRegion: 6.53e-02 sec.
  INVERSE: Storing solution for step 6, time = 3.60e+03

Procedure ariaProcedure complete                            May 31 2024 09:05:48
}
Aria Region "AriaRegion" has the following fields available for output:
  NODE_RANK Fields:
    * AdjointSourceField
    * Aria_Node_Global_Id_Field_main
    * Aria_Node_Local_Id_Field_main
    * anti_time_derivative_at_time->TEMPERATURE
    * anti_time_derivative_at_time->TEMPERATURE_STKFS_OLD
    * model_coordinates
    * physical_coordinates
    * predicted_solution->TEMPERATURE
    * shape_gradient_field
    * solution->TEMPERATURE
    * solution->TEMPERATURE_STKFS_OLD
    * storedAdjointSolution
    * storedForwardSolution
    * time_derivative_at_time->TEMPERATURE
    * time_derivative_at_time->TEMPERATURE_STKFS_OLD
  FACE_RANK Fields:
    * face_coverage
  ELEMENT_RANK Fields:
    * current_element_volume
    * initial_element_volume
    * volume_change_ratio
  Global Variables:
    * dt
    * number_of_elements
    * number_of_nodes
    * time
INVERSE: Solving forward problem. {
  Aria Region "AriaRegion" has the following fields available for output:
    NODE_RANK Fields:
      * AdjointSourceField
      * Aria_Node_Global_Id_Field_main
      * Aria_Node_Local_Id_Field_main
      * anti_time_derivative_at_time->TEMPERATURE
      * anti_time_derivative_at_time->TEMPERATURE_STKFS_OLD
      * model_coordinates
      * physical_coordinates
      * predicted_solution->TEMPERATURE
      * shape_gradient_field
      * solution->TEMPERATURE
      * solution->TEMPERATURE_STKFS_OLD
      * storedAdjointSolution
      * storedForwardSolution
      * time_derivative_at_time->TEMPERATURE
      * time_derivative_at_time->TEMPERATURE_STKFS_OLD
    FACE_RANK Fields:
      * face_coverage
    ELEMENT_RANK Fields:
      * current_element_volume
      * initial_element_volume
      * volume_change_ratio
    Global Variables:
      * dt
      * number_of_elements
      * number_of_nodes
      * time
+----+----+----+----+----+----+----+----+----+----+----+----+----+----+----+----
Executing procedure                                         May 31 2024 09:05:48


Transient Time_Stepping_Block, start 0, stop 3600, onset 0
Minimum Time Step Selection:
        min           max
     1.000e-16     6.000e+02     AriaRegion
Transient time_stepping_block: dt = 600
  INVERSE: Storing solution for step 0, time = 0.00e+00
Transient Time_Stepping_Block, step 1, time 6.0000e+02, time step 6.0000e+02, 16.67% complete
  Memory Usage: current = 203362304 (193.9 M), high-water-mark = 308064256 (293.8 M)
  DEFAULTING PREDICTOR-CORRECTOR_BEGIN_AFTER_STEP = 2.
   
  Equation System AriaRegion->main:
   * Step  : Transient, Strategy: NEWTON, Time: 6.00e+02, Step: 6.00e+02
   * Matrix: Solver: "linear_solver", Unknowns: 2861, Nonzeros: 34935
   * Mesh  : Processor 0 of 1: 11444 of 11444 elems, 2861 of 2861 nodes
    N O N L I N E A R                 L I N E A R               
  ----------------------   --------------------------------------
  Step  Resid    Delta     Itns  Status   Resid    Asm/Slv Time
  ---- -------- --------   ---- -------- -------- ---------------
  1    4.77e+08 8.67e+02   104   ok      6.05e-09 1.3e-02/1.8e-02
  2    2.89e+00 1.40e-06   95    ok      8.75e-09 1.3e-02/1.7e-02
  3    7.42e-07                 NoOp              1.3e-02
  Termination reason: 7.42028e-07 < nonlinear_residual_tolerance(1e-06),
                  and 0 < nonlinear_correction_tolerance(1e-06)
   
  Field            min     @ id    max     @ id max-chg  @ id pred-err  pred-min  @ id  pred-max  @ id
  ------------- ---------- ---- ---------- ---- -------- ---- -------- ---------- ---- ---------- ----
    TEMPERATURE 1.2824e+01  288 2.0000e+01   17 1.99e+01  343 8.11e-01 0.0000e+00    1 2.0000e+01   17
   
  time_derivative_at_time->TEMPERATURE :
    MIN(value,loc) = (0.00e+00, 17) : MAX(value,loc) = (3.31e-02, 343)
  Segregated solution procedure converged after 1 iterations.
  Global Variable Value
  --------------- -----
  Region::execute() time for AriaRegion: 1.15e-01 sec.
  INVERSE: Storing solution for step 1, time = 6.00e+02
Minimum Time Step Selection:
        min           max
     1.000e-16     6.000e+02     AriaRegion
Transient time_stepping_block: dt = 600
Transient Time_Stepping_Block, step 2, time 1.2000e+03, time step 6.0000e+02, 33.33% complete
  Memory Usage: current = 203362304 (193.9 M), high-water-mark = 308064256 (293.8 M)
   
  Equation System AriaRegion->main:
   * Step  : Transient, Strategy: NEWTON, Time: 1.20e+03, Step: 6.00e+02
   * Matrix: Solver: "linear_solver", Unknowns: 2861, Nonzeros: 34935
   * Mesh  : Processor 0 of 1: 11444 of 11444 elems, 2861 of 2861 nodes
    N O N L I N E A R                 L I N E A R               
  ----------------------   --------------------------------------
  Step  Resid    Delta     Itns  Status   Resid    Asm/Slv Time
  ---- -------- --------   ---- -------- -------- ---------------
  1    4.77e+08 8.56e+02   104   ok      6.09e-09 1.3e-02/1.8e-02
  2    2.91e+00 1.40e-06   95    ok      8.21e-09 1.2e-02/1.6e-02
  3    8.53e-07                 NoOp              1.2e-02
  Termination reason: 8.53128e-07 < nonlinear_residual_tolerance(1e-06),
                  and 0 < nonlinear_correction_tolerance(1e-06)
   
  Field            min     @ id    max     @ id max-chg  @ id pred-err  pred-min  @ id  pred-max  @ id
  ------------- ---------- ---- ---------- ---- -------- ---- -------- ---------- ---- ---------- ----
    TEMPERATURE 1.3170e+01  288 2.0000e+01   17 3.45e-01  232 8.00e-01 2.0000e+01   17 3.9754e+01  343
   
  time_derivative_at_time->TEMPERATURE :
    MIN(value,loc) = (0.00e+00, 17) : MAX(value,loc) = (5.76e-04, 232)
  Segregated solution procedure converged after 1 iterations.
  Global Variable Value
  --------------- -----
  Region::execute() time for AriaRegion: 7.33e-02 sec.
  INVERSE: Storing solution for step 2, time = 1.20e+03
Minimum Time Step Selection:
        min           max
     1.000e-16     6.000e+02     AriaRegion
Transient time_stepping_block: dt = 600
Transient Time_Stepping_Block, step 3, time 1.8000e+03, time step 6.0000e+02, 50.00% complete
  Memory Usage: current = 203362304 (193.9 M), high-water-mark = 308064256 (293.8 M)
   
  Equation System AriaRegion->main:
   * Step  : Transient, Strategy: NEWTON, Time: 1.80e+03, Step: 6.00e+02
   * Matrix: Solver: "linear_solver", Unknowns: 2861, Nonzeros: 34935
   * Mesh  : Processor 0 of 1: 11444 of 11444 elems, 2861 of 2861 nodes
    N O N L I N E A R                 L I N E A R               
  ----------------------   --------------------------------------
  Step  Resid    Delta     Itns  Status   Resid    Asm/Slv Time
  ---- -------- --------   ---- -------- -------- ---------------
  1    6.35e+04 1.29e+01   106   ok      8.75e-09 1.2e-02/1.8e-02
  2    5.56e-04 4.14e-10   99    ok      8.94e-09 1.3e-02/1.7e-02
  Termination reason: 4.13938e-10 < nonlinear_correction_tolerance(1e-06)
   
  Field            min     @ id    max     @ id max-chg  @ id pred-err  pred-min  @ id  pred-max  @ id
  ------------- ---------- ---- ---------- ---- -------- ---- -------- ---------- ---- ---------- ----
    TEMPERATURE 1.3177e+01  288 2.0000e+01   17 6.99e-03  232 1.20e-02 1.3515e+01  288 2.0000e+01   17
   
  time_derivative_at_time->TEMPERATURE :
    MIN(value,loc) = (0.00e+00, 17) : MAX(value,loc) = (1.16e-05, 232)
  Segregated solution procedure converged after 1 iterations.
  Global Variable Value
  --------------- -----
  Region::execute() time for AriaRegion: 6.23e-02 sec.
  INVERSE: Storing solution for step 3, time = 1.80e+03
Minimum Time Step Selection:
        min           max
     1.000e-16     6.000e+02     AriaRegion
Transient time_stepping_block: dt = 600
Transient Time_Stepping_Block, step 4, time 2.4000e+03, time step 6.0000e+02, 66.67% complete
  Memory Usage: current = 203362304 (193.9 M), high-water-mark = 308064256 (293.8 M)
   
  Equation System AriaRegion->main:
   * Step  : Transient, Strategy: NEWTON, Time: 2.40e+03, Step: 6.00e+02
   * Matrix: Solver: "linear_solver", Unknowns: 2861, Nonzeros: 34935
   * Mesh  : Processor 0 of 1: 11444 of 11444 elems, 2861 of 2861 nodes
    N O N L I N E A R                 L I N E A R               
  ----------------------   --------------------------------------
  Step  Resid    Delta     Itns  Status   Resid    Asm/Slv Time
  ---- -------- --------   ---- -------- -------- ---------------
  1    9.37e+02 2.50e-01   103   ok      8.81e-09 1.2e-02/1.8e-02
  2    8.27e-06 6.93e-12   106   ok      6.30e-09 1.2e-02/1.9e-02
  Termination reason: 6.92926e-12 < nonlinear_correction_tolerance(1e-06)
   
  Field            min     @ id    max     @ id max-chg  @ id pred-err  pred-min  @ id  pred-max  @ id
  ------------- ---------- ---- ---------- ---- -------- ---- -------- ---------- ---- ---------- ----
    TEMPERATURE 1.3177e+01  288 2.0000e+01   17 1.37e-04  232 2.33e-04 1.3184e+01  288 2.0000e+01   17
   
  time_derivative_at_time->TEMPERATURE :
    MIN(value,loc) = (0.00e+00, 17) : MAX(value,loc) = (2.29e-07, 232)
  Segregated solution procedure converged after 1 iterations.
  Global Variable Value
  --------------- -----
  Region::execute() time for AriaRegion: 6.35e-02 sec.
  INVERSE: Storing solution for step 4, time = 2.40e+03
Minimum Time Step Selection:
        min           max
     1.000e-16     6.000e+02     AriaRegion
Transient time_stepping_block: dt = 600
Transient Time_Stepping_Block, step 5, time 3.0000e+03, time step 6.0000e+02, 83.33% complete
  Memory Usage: current = 203362304 (193.9 M), high-water-mark = 308064256 (293.8 M)
   
  Equation System AriaRegion->main:
   * Step  : Transient, Strategy: NEWTON, Time: 3.00e+03, Step: 6.00e+02
   * Matrix: Solver: "linear_solver", Unknowns: 2861, Nonzeros: 34935
   * Mesh  : Processor 0 of 1: 11444 of 11444 elems, 2861 of 2861 nodes
    N O N L I N E A R                 L I N E A R               
  ----------------------   --------------------------------------
  Step  Resid    Delta     Itns  Status   Resid    Asm/Slv Time
  ---- -------- --------   ---- -------- -------- ---------------
  1    1.83e+01 4.89e-03   103   ok      9.68e-09 1.3e-02/1.8e-02
  2    7.03e-07                 NoOp              1.3e-02
  Termination reason: 7.02598e-07 < nonlinear_residual_tolerance(1e-06),
                  and 0 < nonlinear_correction_tolerance(1e-06)
   
  Field            min     @ id    max     @ id max-chg  @ id pred-err  pred-min  @ id  pred-max  @ id
  ------------- ---------- ---- ---------- ---- -------- ---- -------- ---------- ---- ---------- ----
    TEMPERATURE 1.3177e+01  288 2.0000e+01   17 2.69e-06  232 4.57e-06 1.3177e+01  288 2.0000e+01   17
   
  time_derivative_at_time->TEMPERATURE :
    MIN(value,loc) = (0.00e+00, 17) : MAX(value,loc) = (4.49e-09, 232)
  Segregated solution procedure converged after 1 iterations.
  Global Variable Value
  --------------- -----
  Region::execute() time for AriaRegion: 4.47e-02 sec.
  INVERSE: Storing solution for step 5, time = 3.00e+03
Minimum Time Step Selection:
        min           max
     1.000e-16     6.000e+02     AriaRegion
Transient time_stepping_block: dt = 600
Transient Time_Stepping_Block, step 6, time 3.6000e+03, time step 6.0000e+02, 100.00% complete
  Memory Usage: current = 203362304 (193.9 M), high-water-mark = 308064256 (293.8 M)
   
  Equation System AriaRegion->main:
   * Step  : Transient, Strategy: NEWTON, Time: 3.60e+03, Step: 6.00e+02
   * Matrix: Solver: "linear_solver", Unknowns: 2861, Nonzeros: 34935
   * Mesh  : Processor 0 of 1: 11444 of 11444 elems, 2861 of 2861 nodes
    N O N L I N E A R                 L I N E A R               
  ----------------------   --------------------------------------
  Step  Resid    Delta     Itns  Status   Resid    Asm/Slv Time
  ---- -------- --------   ---- -------- -------- ---------------
  1    3.59e-01 9.59e-05   103   ok      9.25e-09 1.2e-02/1.8e-02
  2    9.14e-07                 NoOp              1.3e-02
  Termination reason: 9.14467e-07 < nonlinear_residual_tolerance(1e-06),
                  and 0 < nonlinear_correction_tolerance(1e-06)
   
  Field            min     @ id    max     @ id max-chg  @ id pred-err  pred-min  @ id  pred-max  @ id
  ------------- ---------- ---- ---------- ---- -------- ---- -------- ---------- ---- ---------- ----
    TEMPERATURE 1.3177e+01  288 2.0000e+01   17 5.28e-08  232 8.96e-08 1.3177e+01  288 2.0000e+01   17
   
  time_derivative_at_time->TEMPERATURE :
    MIN(value,loc) = (0.00e+00, 17) : MAX(value,loc) = (8.80e-11, 232)
  Segregated solution procedure converged after 1 iterations.
  Global Variable Value
  --------------- -----
  Region::execute() time for AriaRegion: 4.47e-02 sec.
  INVERSE: Storing solution for step 6, time = 3.60e+03

Procedure ariaProcedure complete                            May 31 2024 09:05:49
}
Aria Region "AriaRegion" has the following fields available for output:
  NODE_RANK Fields:
    * AdjointSourceField
    * Aria_Node_Global_Id_Field_main
    * Aria_Node_Local_Id_Field_main
    * anti_time_derivative_at_time->TEMPERATURE
    * anti_time_derivative_at_time->TEMPERATURE_STKFS_OLD
    * model_coordinates
    * physical_coordinates
    * predicted_solution->TEMPERATURE
    * shape_gradient_field
    * solution->TEMPERATURE
    * solution->TEMPERATURE_STKFS_OLD
    * storedAdjointSolution
    * storedForwardSolution
    * time_derivative_at_time->TEMPERATURE
    * time_derivative_at_time->TEMPERATURE_STKFS_OLD
  FACE_RANK Fields:
    * face_coverage
  ELEMENT_RANK Fields:
    * current_element_volume
    * initial_element_volume
    * volume_change_ratio
  Global Variables:
    * dt
    * number_of_elements
    * number_of_nodes
    * time
INVERSE: Solving forward problem. {
  Aria Region "AriaRegion" has the following fields available for output:
    NODE_RANK Fields:
      * AdjointSourceField
      * Aria_Node_Global_Id_Field_main
      * Aria_Node_Local_Id_Field_main
      * anti_time_derivative_at_time->TEMPERATURE
      * anti_time_derivative_at_time->TEMPERATURE_STKFS_OLD
      * model_coordinates
      * physical_coordinates
      * predicted_solution->TEMPERATURE
      * shape_gradient_field
      * solution->TEMPERATURE
      * solution->TEMPERATURE_STKFS_OLD
      * storedAdjointSolution
      * storedForwardSolution
      * time_derivative_at_time->TEMPERATURE
      * time_derivative_at_time->TEMPERATURE_STKFS_OLD
    FACE_RANK Fields:
      * face_coverage
    ELEMENT_RANK Fields:
      * current_element_volume
      * initial_element_volume
      * volume_change_ratio
    Global Variables:
      * dt
      * number_of_elements
      * number_of_nodes
      * time
+----+----+----+----+----+----+----+----+----+----+----+----+----+----+----+----
Executing procedure                                         May 31 2024 09:05:49


Transient Time_Stepping_Block, start 0, stop 3600, onset 0
Minimum Time Step Selection:
        min           max
     1.000e-16     6.000e+02     AriaRegion
Transient time_stepping_block: dt = 600
  INVERSE: Storing solution for step 0, time = 0.00e+00
Transient Time_Stepping_Block, step 1, time 6.0000e+02, time step 6.0000e+02, 16.67% complete
  Memory Usage: current = 203362304 (193.9 M), high-water-mark = 308064256 (293.8 M)
  DEFAULTING PREDICTOR-CORRECTOR_BEGIN_AFTER_STEP = 2.
   
  Equation System AriaRegion->main:
   * Step  : Transient, Strategy: NEWTON, Time: 6.00e+02, Step: 6.00e+02
   * Matrix: Solver: "linear_solver", Unknowns: 2861, Nonzeros: 34935
   * Mesh  : Processor 0 of 1: 11444 of 11444 elems, 2861 of 2861 nodes
    N O N L I N E A R                 L I N E A R               
  ----------------------   --------------------------------------
  Step  Resid    Delta     Itns  Status   Resid    Asm/Slv Time
  ---- -------- --------   ---- -------- -------- ---------------
  1    4.77e+08 8.67e+02   106   ok      8.35e-09 1.4e-02/2.0e-02
  2    3.99e+00 4.14e-06   108   ok      6.88e-09 1.3e-02/1.9e-02
  3    8.36e-07                 NoOp              1.3e-02
  Termination reason: 8.35699e-07 < nonlinear_residual_tolerance(1e-06),
                  and 0 < nonlinear_correction_tolerance(1e-06)
   
  Field            min     @ id    max     @ id max-chg  @ id pred-err  pred-min  @ id  pred-max  @ id
  ------------- ---------- ---- ---------- ---- -------- ---- -------- ---------- ---- ---------- ----
    TEMPERATURE 1.2824e+01  288 2.0000e+01   17 1.99e+01  343 8.11e-01 0.0000e+00    1 2.0000e+01   17
   
  time_derivative_at_time->TEMPERATURE :
    MIN(value,loc) = (0.00e+00, 17) : MAX(value,loc) = (3.31e-02, 343)
  Segregated solution procedure converged after 1 iterations.
  Global Variable Value
  --------------- -----
  Region::execute() time for AriaRegion: 1.23e-01 sec.
  INVERSE: Storing solution for step 1, time = 6.00e+02
Minimum Time Step Selection:
        min           max
     1.000e-16     6.000e+02     AriaRegion
Transient time_stepping_block: dt = 600
Transient Time_Stepping_Block, step 2, time 1.2000e+03, time step 6.0000e+02, 33.33% complete
  Memory Usage: current = 203362304 (193.9 M), high-water-mark = 308064256 (293.8 M)
   
  Equation System AriaRegion->main:
   * Step  : Transient, Strategy: NEWTON, Time: 1.20e+03, Step: 6.00e+02
   * Matrix: Solver: "linear_solver", Unknowns: 2861, Nonzeros: 34935
   * Mesh  : Processor 0 of 1: 11444 of 11444 elems, 2861 of 2861 nodes
    N O N L I N E A R                 L I N E A R               
  ----------------------   --------------------------------------
  Step  Resid    Delta     Itns  Status   Resid    Asm/Slv Time
  ---- -------- --------   ---- -------- -------- ---------------
  1    4.77e+08 8.56e+02   106   ok      8.04e-09 1.3e-02/2.0e-02
  2    3.84e+00 4.11e-06   108   ok      7.23e-09 1.3e-02/2.0e-02
  3    8.21e-07                 NoOp              1.4e-02
  Termination reason: 8.20589e-07 < nonlinear_residual_tolerance(1e-06),
                  and 0 < nonlinear_correction_tolerance(1e-06)
   
  Field            min     @ id    max     @ id max-chg  @ id pred-err  pred-min  @ id  pred-max  @ id
  ------------- ---------- ---- ---------- ---- -------- ---- -------- ---------- ---- ---------- ----
    TEMPERATURE 1.3169e+01  288 2.0000e+01   17 3.45e-01  232 8.00e-01 2.0000e+01   17 3.9754e+01  343
   
  time_derivative_at_time->TEMPERATURE :
    MIN(value,loc) = (0.00e+00, 17) : MAX(value,loc) = (5.76e-04, 232)
  Segregated solution procedure converged after 1 iterations.
  Global Variable Value
  --------------- -----
  Region::execute() time for AriaRegion: 8.11e-02 sec.
  INVERSE: Storing solution for step 2, time = 1.20e+03
Minimum Time Step Selection:
        min           max
     1.000e-16     6.000e+02     AriaRegion
Transient time_stepping_block: dt = 600
Transient Time_Stepping_Block, step 3, time 1.8000e+03, time step 6.0000e+02, 50.00% complete
  Memory Usage: current = 203362304 (193.9 M), high-water-mark = 308064256 (293.8 M)
   
  Equation System AriaRegion->main:
   * Step  : Transient, Strategy: NEWTON, Time: 1.80e+03, Step: 6.00e+02
   * Matrix: Solver: "linear_solver", Unknowns: 2861, Nonzeros: 34935
   * Mesh  : Processor 0 of 1: 11444 of 11444 elems, 2861 of 2861 nodes
    N O N L I N E A R                 L I N E A R               
  ----------------------   --------------------------------------
  Step  Resid    Delta     Itns  Status   Resid    Asm/Slv Time
  ---- -------- --------   ---- -------- -------- ---------------
  1    6.35e+04 1.29e+01   110   ok      9.23e-09 1.4e-02/2.0e-02
  2    5.87e-04 1.19e-10   102   ok      8.00e-09 1.3e-02/1.8e-02
  Termination reason: 1.18913e-10 < nonlinear_correction_tolerance(1e-06)
   
  Field            min     @ id    max     @ id max-chg  @ id pred-err  pred-min  @ id  pred-max  @ id
  ------------- ---------- ---- ---------- ---- -------- ---- -------- ---------- ---- ---------- ----
    TEMPERATURE 1.3176e+01  288 2.0000e+01   17 6.99e-03  232 1.20e-02 1.3515e+01  288 2.0000e+01   17
   
  time_derivative_at_time->TEMPERATURE :
    MIN(value,loc) = (0.00e+00, 17) : MAX(value,loc) = (1.16e-05, 232)
  Segregated solution procedure converged after 1 iterations.
  Global Variable Value
  --------------- -----
  Region::execute() time for AriaRegion: 6.65e-02 sec.
  INVERSE: Storing solution for step 3, time = 1.80e+03
Minimum Time Step Selection:
        min           max
     1.000e-16     6.000e+02     AriaRegion
Transient time_stepping_block: dt = 600
Transient Time_Stepping_Block, step 4, time 2.4000e+03, time step 6.0000e+02, 66.67% complete
  Memory Usage: current = 203362304 (193.9 M), high-water-mark = 308064256 (293.8 M)
   
  Equation System AriaRegion->main:
   * Step  : Transient, Strategy: NEWTON, Time: 2.40e+03, Step: 6.00e+02
   * Matrix: Solver: "linear_solver", Unknowns: 2861, Nonzeros: 34935
   * Mesh  : Processor 0 of 1: 11444 of 11444 elems, 2861 of 2861 nodes
    N O N L I N E A R                 L I N E A R               
  ----------------------   --------------------------------------
  Step  Resid    Delta     Itns  Status   Resid    Asm/Slv Time
  ---- -------- --------   ---- -------- -------- ---------------
  1    9.37e+02 2.50e-01   106   ok      9.39e-09 1.3e-02/1.9e-02
  2    8.86e-06 7.94e-12   109   ok      5.26e-09 1.4e-02/2.0e-02
  Termination reason: 7.93825e-12 < nonlinear_correction_tolerance(1e-06)
   
  Field            min     @ id    max     @ id max-chg  @ id pred-err  pred-min  @ id  pred-max  @ id
  ------------- ---------- ---- ---------- ---- -------- ---- -------- ---------- ---- ---------- ----
    TEMPERATURE 1.3177e+01  288 2.0000e+01   17 1.37e-04  232 2.33e-04 1.3183e+01  288 2.0000e+01   17
   
  time_derivative_at_time->TEMPERATURE :
    MIN(value,loc) = (0.00e+00, 17) : MAX(value,loc) = (2.29e-07, 232)
  Segregated solution procedure converged after 1 iterations.
  Global Variable Value
  --------------- -----
  Region::execute() time for AriaRegion: 6.76e-02 sec.
  INVERSE: Storing solution for step 4, time = 2.40e+03
Minimum Time Step Selection:
        min           max
     1.000e-16     6.000e+02     AriaRegion
Transient time_stepping_block: dt = 600
Transient Time_Stepping_Block, step 5, time 3.0000e+03, time step 6.0000e+02, 83.33% complete
  Memory Usage: current = 203362304 (193.9 M), high-water-mark = 308064256 (293.8 M)
   
  Equation System AriaRegion->main:
   * Step  : Transient, Strategy: NEWTON, Time: 3.00e+03, Step: 6.00e+02
   * Matrix: Solver: "linear_solver", Unknowns: 2861, Nonzeros: 34935
   * Mesh  : Processor 0 of 1: 11444 of 11444 elems, 2861 of 2861 nodes
    N O N L I N E A R                 L I N E A R               
  ----------------------   --------------------------------------
  Step  Resid    Delta     Itns  Status   Resid    Asm/Slv Time
  ---- -------- --------   ---- -------- -------- ---------------
  1    1.83e+01 4.89e-03   106   ok      8.48e-09 1.3e-02/1.9e-02
  2    9.46e-07                 NoOp              1.3e-02
  Termination reason: 9.4634e-07 < nonlinear_residual_tolerance(1e-06),
                  and 0 < nonlinear_correction_tolerance(1e-06)
   
  Field            min     @ id    max     @ id max-chg  @ id pred-err  pred-min  @ id  pred-max  @ id
  ------------- ---------- ---- ---------- ---- -------- ---- -------- ---------- ---- ---------- ----
    TEMPERATURE 1.3177e+01  288 2.0000e+01   17 2.69e-06  232 4.57e-06 1.3177e+01  288 2.0000e+01   17
   
  time_derivative_at_time->TEMPERATURE :
    MIN(value,loc) = (0.00e+00, 17) : MAX(value,loc) = (4.49e-09, 232)
  Segregated solution procedure converged after 1 iterations.
  Global Variable Value
  --------------- -----
  Region::execute() time for AriaRegion: 4.71e-02 sec.
  INVERSE: Storing solution for step 5, time = 3.00e+03
Minimum Time Step Selection:
        min           max
     1.000e-16     6.000e+02     AriaRegion
Transient time_stepping_block: dt = 600
Transient Time_Stepping_Block, step 6, time 3.6000e+03, time step 6.0000e+02, 100.00% complete
  Memory Usage: current = 203362304 (193.9 M), high-water-mark = 308064256 (293.8 M)
   
  Equation System AriaRegion->main:
   * Step  : Transient, Strategy: NEWTON, Time: 3.60e+03, Step: 6.00e+02
   * Matrix: Solver: "linear_solver", Unknowns: 2861, Nonzeros: 34935
   * Mesh  : Processor 0 of 1: 11444 of 11444 elems, 2861 of 2861 nodes
    N O N L I N E A R                 L I N E A R               
  ----------------------   --------------------------------------
  Step  Resid    Delta     Itns  Status   Resid    Asm/Slv Time
  ---- -------- --------   ---- -------- -------- ---------------
  1    3.59e-01 9.59e-05   108   ok      7.95e-09 1.3e-02/1.9e-02
  2    8.35e-07                 NoOp              1.3e-02
  Termination reason: 8.34578e-07 < nonlinear_residual_tolerance(1e-06),
                  and 0 < nonlinear_correction_tolerance(1e-06)
   
  Field            min     @ id    max     @ id max-chg  @ id pred-err  pred-min  @ id  pred-max  @ id
  ------------- ---------- ---- ---------- ---- -------- ---- -------- ---------- ---- ---------- ----
    TEMPERATURE 1.3177e+01  288 2.0000e+01   17 5.28e-08  232 8.96e-08 1.3177e+01  288 2.0000e+01   17
   
  time_derivative_at_time->TEMPERATURE :
    MIN(value,loc) = (0.00e+00, 17) : MAX(value,loc) = (8.80e-11, 232)
  Segregated solution procedure converged after 1 iterations.
  Global Variable Value
  --------------- -----
  Region::execute() time for AriaRegion: 4.68e-02 sec.
  INVERSE: Storing solution for step 6, time = 3.60e+03

Procedure ariaProcedure complete                            May 31 2024 09:05:50
}
Aria Region "AriaRegion" has the following fields available for output:
  NODE_RANK Fields:
    * AdjointSourceField
    * Aria_Node_Global_Id_Field_main
    * Aria_Node_Local_Id_Field_main
    * anti_time_derivative_at_time->TEMPERATURE
    * anti_time_derivative_at_time->TEMPERATURE_STKFS_OLD
    * model_coordinates
    * physical_coordinates
    * predicted_solution->TEMPERATURE
    * shape_gradient_field
    * solution->TEMPERATURE
    * solution->TEMPERATURE_STKFS_OLD
    * storedAdjointSolution
    * storedForwardSolution
    * time_derivative_at_time->TEMPERATURE
    * time_derivative_at_time->TEMPERATURE_STKFS_OLD
  FACE_RANK Fields:
    * face_coverage
  ELEMENT_RANK Fields:
    * current_element_volume
    * initial_element_volume
    * volume_change_ratio
  Global Variables:
    * dt
    * number_of_elements
    * number_of_nodes
    * time
INVERSE: Solving forward problem. {
  Aria Region "AriaRegion" has the following fields available for output:
    NODE_RANK Fields:
      * AdjointSourceField
      * Aria_Node_Global_Id_Field_main
      * Aria_Node_Local_Id_Field_main
      * anti_time_derivative_at_time->TEMPERATURE
      * anti_time_derivative_at_time->TEMPERATURE_STKFS_OLD
      * model_coordinates
      * physical_coordinates
      * predicted_solution->TEMPERATURE
      * shape_gradient_field
      * solution->TEMPERATURE
      * solution->TEMPERATURE_STKFS_OLD
      * storedAdjointSolution
      * storedForwardSolution
      * time_derivative_at_time->TEMPERATURE
      * time_derivative_at_time->TEMPERATURE_STKFS_OLD
    FACE_RANK Fields:
      * face_coverage
    ELEMENT_RANK Fields:
      * current_element_volume
      * initial_element_volume
      * volume_change_ratio
    Global Variables:
      * dt
      * number_of_elements
      * number_of_nodes
      * time
+----+----+----+----+----+----+----+----+----+----+----+----+----+----+----+----
Executing procedure                                         May 31 2024 09:05:51


Transient Time_Stepping_Block, start 0, stop 3600, onset 0
Minimum Time Step Selection:
        min           max
     1.000e-16     6.000e+02     AriaRegion
Transient time_stepping_block: dt = 600
  INVERSE: Storing solution for step 0, time = 0.00e+00
Transient Time_Stepping_Block, step 1, time 6.0000e+02, time step 6.0000e+02, 16.67% complete
  Memory Usage: current = 203362304 (193.9 M), high-water-mark = 308064256 (293.8 M)
  DEFAULTING PREDICTOR-CORRECTOR_BEGIN_AFTER_STEP = 2.
   
  Equation System AriaRegion->main:
   * Step  : Transient, Strategy: NEWTON, Time: 6.00e+02, Step: 6.00e+02
   * Matrix: Solver: "linear_solver", Unknowns: 2861, Nonzeros: 34935
   * Mesh  : Processor 0 of 1: 11444 of 11444 elems, 2861 of 2861 nodes
    N O N L I N E A R                 L I N E A R               
  ----------------------   --------------------------------------
  Step  Resid    Delta     Itns  Status   Resid    Asm/Slv Time
  ---- -------- --------   ---- -------- -------- ---------------
  1    4.77e+08 8.67e+02   106   ok      9.96e-09 1.3e-02/1.9e-02
  2    4.76e+00 4.68e-06   108   ok      7.84e-09 1.3e-02/1.9e-02
  3    1.17e-06 8.15e-14   102   ok      9.78e-09 1.3e-02/1.8e-02
  Termination reason: 8.1538e-14 < nonlinear_correction_tolerance(1e-06)
   
  Field            min     @ id    max     @ id max-chg  @ id pred-err  pred-min  @ id  pred-max  @ id
  ------------- ---------- ---- ---------- ---- -------- ---- -------- ---------- ---- ---------- ----
    TEMPERATURE 1.2824e+01  288 2.0000e+01   17 1.99e+01  343 8.11e-01 0.0000e+00    1 2.0000e+01   17
   
  time_derivative_at_time->TEMPERATURE :
    MIN(value,loc) = (0.00e+00, 17) : MAX(value,loc) = (3.31e-02, 343)
  Segregated solution procedure converged after 1 iterations.
  Global Variable Value
  --------------- -----
  Region::execute() time for AriaRegion: 1.37e-01 sec.
  INVERSE: Storing solution for step 1, time = 6.00e+02
Minimum Time Step Selection:
        min           max
     1.000e-16     6.000e+02     AriaRegion
Transient time_stepping_block: dt = 600
Transient Time_Stepping_Block, step 2, time 1.2000e+03, time step 6.0000e+02, 33.33% complete
  Memory Usage: current = 203362304 (193.9 M), high-water-mark = 308064256 (293.8 M)
   
  Equation System AriaRegion->main:
   * Step  : Transient, Strategy: NEWTON, Time: 1.20e+03, Step: 6.00e+02
   * Matrix: Solver: "linear_solver", Unknowns: 2861, Nonzeros: 34935
   * Mesh  : Processor 0 of 1: 11444 of 11444 elems, 2861 of 2861 nodes
    N O N L I N E A R                 L I N E A R               
  ----------------------   --------------------------------------
  Step  Resid    Delta     Itns  Status   Resid    Asm/Slv Time
  ---- -------- --------   ---- -------- -------- ---------------
  1    4.77e+08 8.56e+02   107   ok      6.98e-09 1.3e-02/1.9e-02
  2    3.33e+00 3.29e-06   101   ok      9.46e-09 1.3e-02/1.8e-02
  3    8.46e-07                 NoOp              1.3e-02
  Termination reason: 8.45666e-07 < nonlinear_residual_tolerance(1e-06),
                  and 0 < nonlinear_correction_tolerance(1e-06)
   
  Field            min     @ id    max     @ id max-chg  @ id pred-err  pred-min  @ id  pred-max  @ id
  ------------- ---------- ---- ---------- ---- -------- ---- -------- ---------- ---- ---------- ----
    TEMPERATURE 1.3169e+01  288 2.0000e+01   17 3.45e-01  232 8.00e-01 2.0000e+01   17 3.9754e+01  343
   
  time_derivative_at_time->TEMPERATURE :
    MIN(value,loc) = (0.00e+00, 17) : MAX(value,loc) = (5.76e-04, 232)
  Segregated solution procedure converged after 1 iterations.
  Global Variable Value
  --------------- -----
  Region::execute() time for AriaRegion: 7.82e-02 sec.
  INVERSE: Storing solution for step 2, time = 1.20e+03
Minimum Time Step Selection:
        min           max
     1.000e-16     6.000e+02     AriaRegion
Transient time_stepping_block: dt = 600
Transient Time_Stepping_Block, step 3, time 1.8000e+03, time step 6.0000e+02, 50.00% complete
  Memory Usage: current = 203362304 (193.9 M), high-water-mark = 308064256 (293.8 M)
   
  Equation System AriaRegion->main:
   * Step  : Transient, Strategy: NEWTON, Time: 1.80e+03, Step: 6.00e+02
   * Matrix: Solver: "linear_solver", Unknowns: 2861, Nonzeros: 34935
   * Mesh  : Processor 0 of 1: 11444 of 11444 elems, 2861 of 2861 nodes
    N O N L I N E A R                 L I N E A R               
  ----------------------   --------------------------------------
  Step  Resid    Delta     Itns  Status   Resid    Asm/Slv Time
  ---- -------- --------   ---- -------- -------- ---------------
  1    6.35e+04 1.29e+01   111   ok      4.24e-09 1.3e-02/2.0e-02
  2    2.69e-04 8.06e-11   102   ok      7.62e-09 1.3e-02/1.8e-02
  Termination reason: 8.06372e-11 < nonlinear_correction_tolerance(1e-06)
   
  Field            min     @ id    max     @ id max-chg  @ id pred-err  pred-min  @ id  pred-max  @ id
  ------------- ---------- ---- ---------- ---- -------- ---- -------- ---------- ---- ---------- ----
    TEMPERATURE 1.3176e+01  288 2.0000e+01   17 6.99e-03  232 1.20e-02 1.3515e+01  288 2.0000e+01   17
   
  time_derivative_at_time->TEMPERATURE :
    MIN(value,loc) = (0.00e+00, 17) : MAX(value,loc) = (1.16e-05, 232)
  Segregated solution procedure converged after 1 iterations.
  Global Variable Value
  --------------- -----
  Region::execute() time for AriaRegion: 6.47e-02 sec.
  INVERSE: Storing solution for step 3, time = 1.80e+03
Minimum Time Step Selection:
        min           max
     1.000e-16     6.000e+02     AriaRegion
Transient time_stepping_block: dt = 600
Transient Time_Stepping_Block, step 4, time 2.4000e+03, time step 6.0000e+02, 66.67% complete
  Memory Usage: current = 203362304 (193.9 M), high-water-mark = 308064256 (293.8 M)
   
  Equation System AriaRegion->main:
   * Step  : Transient, Strategy: NEWTON, Time: 2.40e+03, Step: 6.00e+02
   * Matrix: Solver: "linear_solver", Unknowns: 2861, Nonzeros: 34935
   * Mesh  : Processor 0 of 1: 11444 of 11444 elems, 2861 of 2861 nodes
    N O N L I N E A R                 L I N E A R               
  ----------------------   --------------------------------------
  Step  Resid    Delta     Itns  Status   Resid    Asm/Slv Time
  ---- -------- --------   ---- -------- -------- ---------------
  1    9.37e+02 2.50e-01   108   ok      9.78e-09 1.3e-02/1.9e-02
  2    9.19e-06 5.02e-12   107   ok      7.21e-09 1.3e-02/1.9e-02
  Termination reason: 5.02213e-12 < nonlinear_correction_tolerance(1e-06)
   
  Field            min     @ id    max     @ id max-chg  @ id pred-err  pred-min  @ id  pred-max  @ id
  ------------- ---------- ---- ---------- ---- -------- ---- -------- ---------- ---- ---------- ----
    TEMPERATURE 1.3177e+01  288 2.0000e+01   17 1.37e-04  232 2.33e-04 1.3183e+01  288 2.0000e+01   17
   
  time_derivative_at_time->TEMPERATURE :
    MIN(value,loc) = (0.00e+00, 17) : MAX(value,loc) = (2.29e-07, 232)
  Segregated solution procedure converged after 1 iterations.
  Global Variable Value
  --------------- -----
  Region::execute() time for AriaRegion: 6.48e-02 sec.
  INVERSE: Storing solution for step 4, time = 2.40e+03
Minimum Time Step Selection:
        min           max
     1.000e-16     6.000e+02     AriaRegion
Transient time_stepping_block: dt = 600
Transient Time_Stepping_Block, step 5, time 3.0000e+03, time step 6.0000e+02, 83.33% complete
  Memory Usage: current = 203362304 (193.9 M), high-water-mark = 308064256 (293.8 M)
   
  Equation System AriaRegion->main:
   * Step  : Transient, Strategy: NEWTON, Time: 3.00e+03, Step: 6.00e+02
   * Matrix: Solver: "linear_solver", Unknowns: 2861, Nonzeros: 34935
   * Mesh  : Processor 0 of 1: 11444 of 11444 elems, 2861 of 2861 nodes
    N O N L I N E A R                 L I N E A R               
  ----------------------   --------------------------------------
  Step  Resid    Delta     Itns  Status   Resid    Asm/Slv Time
  ---- -------- --------   ---- -------- -------- ---------------
  1    1.83e+01 4.89e-03   107   ok      9.28e-09 1.3e-02/1.8e-02
  2    1.02e-06 1.34e-13   105   ok      8.45e-09 1.3e-02/1.8e-02
  Termination reason: 1.33698e-13 < nonlinear_correction_tolerance(1e-06)
   
  Field            min     @ id    max     @ id max-chg  @ id pred-err  pred-min  @ id  pred-max  @ id
  ------------- ---------- ---- ---------- ---- -------- ---- -------- ---------- ---- ---------- ----
    TEMPERATURE 1.3177e+01  288 2.0000e+01   17 2.69e-06  232 4.57e-06 1.3177e+01  288 2.0000e+01   17
   
  time_derivative_at_time->TEMPERATURE :
    MIN(value,loc) = (0.00e+00, 17) : MAX(value,loc) = (4.49e-09, 232)
  Segregated solution procedure converged after 1 iterations.
  Global Variable Value
  --------------- -----
  Region::execute() time for AriaRegion: 6.41e-02 sec.
  INVERSE: Storing solution for step 5, time = 3.00e+03
Minimum Time Step Selection:
        min           max
     1.000e-16     6.000e+02     AriaRegion
Transient time_stepping_block: dt = 600
Transient Time_Stepping_Block, step 6, time 3.6000e+03, time step 6.0000e+02, 100.00% complete
  Memory Usage: current = 203362304 (193.9 M), high-water-mark = 308064256 (293.8 M)
   
  Equation System AriaRegion->main:
   * Step  : Transient, Strategy: NEWTON, Time: 3.60e+03, Step: 6.00e+02
   * Matrix: Solver: "linear_solver", Unknowns: 2861, Nonzeros: 34935
   * Mesh  : Processor 0 of 1: 11444 of 11444 elems, 2861 of 2861 nodes
    N O N L I N E A R                 L I N E A R               
  ----------------------   --------------------------------------
  Step  Resid    Delta     Itns  Status   Resid    Asm/Slv Time
  ---- -------- --------   ---- -------- -------- ---------------
  1    3.59e-01 9.59e-05   107   ok      8.42e-09 1.3e-02/1.8e-02
  2    8.88e-07                 NoOp              1.2e-02
  Termination reason: 8.88471e-07 < nonlinear_residual_tolerance(1e-06),
                  and 0 < nonlinear_correction_tolerance(1e-06)
   
  Field            min     @ id    max     @ id max-chg  @ id pred-err  pred-min  @ id  pred-max  @ id
  ------------- ---------- ---- ---------- ---- -------- ---- -------- ---------- ---- ---------- ----
    TEMPERATURE 1.3177e+01  288 2.0000e+01   17 5.28e-08  232 8.96e-08 1.3177e+01  288 2.0000e+01   17
   
  time_derivative_at_time->TEMPERATURE :
    MIN(value,loc) = (0.00e+00, 17) : MAX(value,loc) = (8.80e-11, 232)
  Segregated solution procedure converged after 1 iterations.
  Global Variable Value
  --------------- -----
  Region::execute() time for AriaRegion: 4.49e-02 sec.
  INVERSE: Storing solution for step 6, time = 3.60e+03

Procedure ariaProcedure complete                            May 31 2024 09:05:51
}
Aria Region "AriaRegion" has the following fields available for output:
  NODE_RANK Fields:
    * AdjointSourceField
    * Aria_Node_Global_Id_Field_main
    * Aria_Node_Local_Id_Field_main
    * anti_time_derivative_at_time->TEMPERATURE
    * anti_time_derivative_at_time->TEMPERATURE_STKFS_OLD
    * model_coordinates
    * physical_coordinates
    * predicted_solution->TEMPERATURE
    * shape_gradient_field
    * solution->TEMPERATURE
    * solution->TEMPERATURE_STKFS_OLD
    * storedAdjointSolution
    * storedForwardSolution
    * time_derivative_at_time->TEMPERATURE
    * time_derivative_at_time->TEMPERATURE_STKFS_OLD
  FACE_RANK Fields:
    * face_coverage
  ELEMENT_RANK Fields:
    * current_element_volume
    * initial_element_volume
    * volume_change_ratio
  Global Variables:
    * dt
    * number_of_elements
    * number_of_nodes
    * time
INVERSE: Solving forward problem. {
  Aria Region "AriaRegion" has the following fields available for output:
    NODE_RANK Fields:
      * AdjointSourceField
      * Aria_Node_Global_Id_Field_main
      * Aria_Node_Local_Id_Field_main
      * anti_time_derivative_at_time->TEMPERATURE
      * anti_time_derivative_at_time->TEMPERATURE_STKFS_OLD
      * model_coordinates
      * physical_coordinates
      * predicted_solution->TEMPERATURE
      * shape_gradient_field
      * solution->TEMPERATURE
      * solution->TEMPERATURE_STKFS_OLD
      * storedAdjointSolution
      * storedForwardSolution
      * time_derivative_at_time->TEMPERATURE
      * time_derivative_at_time->TEMPERATURE_STKFS_OLD
    FACE_RANK Fields:
      * face_coverage
    ELEMENT_RANK Fields:
      * current_element_volume
      * initial_element_volume
      * volume_change_ratio
    Global Variables:
      * dt
      * number_of_elements
      * number_of_nodes
      * time
+----+----+----+----+----+----+----+----+----+----+----+----+----+----+----+----
Executing procedure                                         May 31 2024 09:05:52


Transient Time_Stepping_Block, start 0, stop 3600, onset 0
Minimum Time Step Selection:
        min           max
     1.000e-16     6.000e+02     AriaRegion
Transient time_stepping_block: dt = 600
  INVERSE: Storing solution for step 0, time = 0.00e+00
Transient Time_Stepping_Block, step 1, time 6.0000e+02, time step 6.0000e+02, 16.67% complete
  Memory Usage: current = 203362304 (193.9 M), high-water-mark = 308064256 (293.8 M)
  DEFAULTING PREDICTOR-CORRECTOR_BEGIN_AFTER_STEP = 2.
   
  Equation System AriaRegion->main:
   * Step  : Transient, Strategy: NEWTON, Time: 6.00e+02, Step: 6.00e+02
   * Matrix: Solver: "linear_solver", Unknowns: 2861, Nonzeros: 34935
   * Mesh  : Processor 0 of 1: 11444 of 11444 elems, 2861 of 2861 nodes
    N O N L I N E A R                 L I N E A R               
  ----------------------   --------------------------------------
  Step  Resid    Delta     Itns  Status   Resid    Asm/Slv Time
  ---- -------- --------   ---- -------- -------- ---------------
  1    4.77e+08 8.67e+02   107   ok      7.53e-09 1.4e-02/2.0e-02
  2    3.60e+00 3.78e-06   108   ok      9.58e-09 1.3e-02/2.0e-02
  3    1.74e-06 6.95e-14   101   ok      6.68e-09 1.4e-02/1.8e-02
  Termination reason: 6.95069e-14 < nonlinear_correction_tolerance(1e-06)
   
  Field            min     @ id    max     @ id max-chg  @ id pred-err  pred-min  @ id  pred-max  @ id
  ------------- ---------- ---- ---------- ---- -------- ---- -------- ---------- ---- ---------- ----
    TEMPERATURE 1.2824e+01  288 2.0000e+01   17 1.99e+01  343 8.11e-01 0.0000e+00    1 2.0000e+01   17
   
  time_derivative_at_time->TEMPERATURE :
    MIN(value,loc) = (0.00e+00, 17) : MAX(value,loc) = (3.31e-02, 343)
  Segregated solution procedure converged after 1 iterations.
  Global Variable Value
  --------------- -----
  Region::execute() time for AriaRegion: 1.41e-01 sec.
  INVERSE: Storing solution for step 1, time = 6.00e+02
Minimum Time Step Selection:
        min           max
     1.000e-16     6.000e+02     AriaRegion
Transient time_stepping_block: dt = 600
Transient Time_Stepping_Block, step 2, time 1.2000e+03, time step 6.0000e+02, 33.33% complete
  Memory Usage: current = 203362304 (193.9 M), high-water-mark = 308064256 (293.8 M)
   
  Equation System AriaRegion->main:
   * Step  : Transient, Strategy: NEWTON, Time: 1.20e+03, Step: 6.00e+02
   * Matrix: Solver: "linear_solver", Unknowns: 2861, Nonzeros: 34935
   * Mesh  : Processor 0 of 1: 11444 of 11444 elems, 2861 of 2861 nodes
    N O N L I N E A R                 L I N E A R               
  ----------------------   --------------------------------------
  Step  Resid    Delta     Itns  Status   Resid    Asm/Slv Time
  ---- -------- --------   ---- -------- -------- ---------------
  1    4.77e+08 8.56e+02   107   ok      7.57e-09 1.3e-02/1.9e-02
  2    3.62e+00 3.77e-06   108   ok      9.46e-09 1.3e-02/1.9e-02
  3    1.06e-06 9.17e-14   102   ok      9.72e-09 1.3e-02/1.8e-02
  Termination reason: 9.16885e-14 < nonlinear_correction_tolerance(1e-06)
   
  Field            min     @ id    max     @ id max-chg  @ id pred-err  pred-min  @ id  pred-max  @ id
  ------------- ---------- ---- ---------- ---- -------- ---- -------- ---------- ---- ---------- ----
    TEMPERATURE 1.3169e+01  288 2.0000e+01   17 3.45e-01  232 8.00e-01 2.0000e+01   17 3.9754e+01  343
   
  time_derivative_at_time->TEMPERATURE :
    MIN(value,loc) = (0.00e+00, 17) : MAX(value,loc) = (5.76e-04, 232)
  Segregated solution procedure converged after 1 iterations.
  Global Variable Value
  --------------- -----
  Region::execute() time for AriaRegion: 9.69e-02 sec.
  INVERSE: Storing solution for step 2, time = 1.20e+03
Minimum Time Step Selection:
        min           max
     1.000e-16     6.000e+02     AriaRegion
Transient time_stepping_block: dt = 600
Transient Time_Stepping_Block, step 3, time 1.8000e+03, time step 6.0000e+02, 50.00% complete
  Memory Usage: current = 203362304 (193.9 M), high-water-mark = 308064256 (293.8 M)
   
  Equation System AriaRegion->main:
   * Step  : Transient, Strategy: NEWTON, Time: 1.80e+03, Step: 6.00e+02
   * Matrix: Solver: "linear_solver", Unknowns: 2861, Nonzeros: 34935
   * Mesh  : Processor 0 of 1: 11444 of 11444 elems, 2861 of 2861 nodes
    N O N L I N E A R                 L I N E A R               
  ----------------------   --------------------------------------
  Step  Resid    Delta     Itns  Status   Resid    Asm/Slv Time
  ---- -------- --------   ---- -------- -------- ---------------
  1    6.35e+04 1.29e+01   109   ok      7.66e-09 1.3e-02/1.9e-02
  2    4.87e-04 2.51e-10   108   ok      8.26e-09 1.4e-02/2.0e-02
  Termination reason: 2.51183e-10 < nonlinear_correction_tolerance(1e-06)
   
  Field            min     @ id    max     @ id max-chg  @ id pred-err  pred-min  @ id  pred-max  @ id
  ------------- ---------- ---- ---------- ---- -------- ---- -------- ---------- ---- ---------- ----
    TEMPERATURE 1.3176e+01  288 2.0000e+01   17 6.99e-03  232 1.20e-02 1.3515e+01  288 2.0000e+01   17
   
  time_derivative_at_time->TEMPERATURE :
    MIN(value,loc) = (0.00e+00, 17) : MAX(value,loc) = (1.16e-05, 232)
  Segregated solution procedure converged after 1 iterations.
  Global Variable Value
  --------------- -----
  Region::execute() time for AriaRegion: 6.85e-02 sec.
  INVERSE: Storing solution for step 3, time = 1.80e+03
Minimum Time Step Selection:
        min           max
     1.000e-16     6.000e+02     AriaRegion
Transient time_stepping_block: dt = 600
Transient Time_Stepping_Block, step 4, time 2.4000e+03, time step 6.0000e+02, 66.67% complete
  Memory Usage: current = 203362304 (193.9 M), high-water-mark = 308064256 (293.8 M)
   
  Equation System AriaRegion->main:
   * Step  : Transient, Strategy: NEWTON, Time: 2.40e+03, Step: 6.00e+02
   * Matrix: Solver: "linear_solver", Unknowns: 2861, Nonzeros: 34935
   * Mesh  : Processor 0 of 1: 11444 of 11444 elems, 2861 of 2861 nodes
    N O N L I N E A R                 L I N E A R               
  ----------------------   --------------------------------------
  Step  Resid    Delta     Itns  Status   Resid    Asm/Slv Time
  ---- -------- --------   ---- -------- -------- ---------------
  1    9.37e+02 2.50e-01   107   ok      7.13e-09 1.4e-02/2.1e-02
  2    6.77e-06 6.56e-12   105   ok      8.98e-09 1.4e-02/1.9e-02
  Termination reason: 6.56442e-12 < nonlinear_correction_tolerance(1e-06)
   
  Field            min     @ id    max     @ id max-chg  @ id pred-err  pred-min  @ id  pred-max  @ id
  ------------- ---------- ---- ---------- ---- -------- ---- -------- ---------- ---- ---------- ----
    TEMPERATURE 1.3177e+01  288 2.0000e+01   17 1.37e-04  232 2.33e-04 1.3183e+01  288 2.0000e+01   17
   
  time_derivative_at_time->TEMPERATURE :
    MIN(value,loc) = (0.00e+00, 17) : MAX(value,loc) = (2.29e-07, 232)
  Segregated solution procedure converged after 1 iterations.
  Global Variable Value
  --------------- -----
  Region::execute() time for AriaRegion: 6.90e-02 sec.
  INVERSE: Storing solution for step 4, time = 2.40e+03
Minimum Time Step Selection:
        min           max
     1.000e-16     6.000e+02     AriaRegion
Transient time_stepping_block: dt = 600
Transient Time_Stepping_Block, step 5, time 3.0000e+03, time step 6.0000e+02, 83.33% complete
  Memory Usage: current = 203362304 (193.9 M), high-water-mark = 308064256 (293.8 M)
   
  Equation System AriaRegion->main:
   * Step  : Transient, Strategy: NEWTON, Time: 3.00e+03, Step: 6.00e+02
   * Matrix: Solver: "linear_solver", Unknowns: 2861, Nonzeros: 34935
   * Mesh  : Processor 0 of 1: 11444 of 11444 elems, 2861 of 2861 nodes
    N O N L I N E A R                 L I N E A R               
  ----------------------   --------------------------------------
  Step  Resid    Delta     Itns  Status   Resid    Asm/Slv Time
  ---- -------- --------   ---- -------- -------- ---------------
  1    1.83e+01 4.89e-03   109   ok      7.19e-09 1.3e-02/2.0e-02
  2    8.56e-07                 NoOp              1.3e-02
  Termination reason: 8.55957e-07 < nonlinear_residual_tolerance(1e-06),
                  and 0 < nonlinear_correction_tolerance(1e-06)
   
  Field            min     @ id    max     @ id max-chg  @ id pred-err  pred-min  @ id  pred-max  @ id
  ------------- ---------- ---- ---------- ---- -------- ---- -------- ---------- ---- ---------- ----
    TEMPERATURE 1.3177e+01  288 2.0000e+01   17 2.69e-06  232 4.57e-06 1.3177e+01  288 2.0000e+01   17
   
  time_derivative_at_time->TEMPERATURE :
    MIN(value,loc) = (0.00e+00, 17) : MAX(value,loc) = (4.49e-09, 232)
  Segregated solution procedure converged after 1 iterations.
  Global Variable Value
  --------------- -----
  Region::execute() time for AriaRegion: 4.78e-02 sec.
  INVERSE: Storing solution for step 5, time = 3.00e+03
Minimum Time Step Selection:
        min           max
     1.000e-16     6.000e+02     AriaRegion
Transient time_stepping_block: dt = 600
Transient Time_Stepping_Block, step 6, time 3.6000e+03, time step 6.0000e+02, 100.00% complete
  Memory Usage: current = 203362304 (193.9 M), high-water-mark = 308064256 (293.8 M)
   
  Equation System AriaRegion->main:
   * Step  : Transient, Strategy: NEWTON, Time: 3.60e+03, Step: 6.00e+02
   * Matrix: Solver: "linear_solver", Unknowns: 2861, Nonzeros: 34935
   * Mesh  : Processor 0 of 1: 11444 of 11444 elems, 2861 of 2861 nodes
    N O N L I N E A R                 L I N E A R               
  ----------------------   --------------------------------------
  Step  Resid    Delta     Itns  Status   Resid    Asm/Slv Time
  ---- -------- --------   ---- -------- -------- ---------------
  1    3.59e-01 9.59e-05   108   ok      6.42e-09 1.3e-02/2.1e-02
  2    8.23e-07                 NoOp              1.5e-02
  Termination reason: 8.23181e-07 < nonlinear_residual_tolerance(1e-06),
                  and 0 < nonlinear_correction_tolerance(1e-06)
   
  Field            min     @ id    max     @ id max-chg  @ id pred-err  pred-min  @ id  pred-max  @ id
  ------------- ---------- ---- ---------- ---- -------- ---- -------- ---------- ---- ---------- ----
    TEMPERATURE 1.3177e+01  288 2.0000e+01   17 5.28e-08  232 8.96e-08 1.3177e+01  288 2.0000e+01   17
   
  time_derivative_at_time->TEMPERATURE :
    MIN(value,loc) = (0.00e+00, 17) : MAX(value,loc) = (8.80e-11, 232)
  Segregated solution procedure converged after 1 iterations.
  Global Variable Value
  --------------- -----
  Region::execute() time for AriaRegion: 5.04e-02 sec.
  INVERSE: Storing solution for step 6, time = 3.60e+03

Procedure ariaProcedure complete                            May 31 2024 09:05:52
}
Aria Region "AriaRegion" has the following fields available for output:
  NODE_RANK Fields:
    * AdjointSourceField
    * Aria_Node_Global_Id_Field_main
    * Aria_Node_Local_Id_Field_main
    * anti_time_derivative_at_time->TEMPERATURE
    * anti_time_derivative_at_time->TEMPERATURE_STKFS_OLD
    * model_coordinates
    * physical_coordinates
    * predicted_solution->TEMPERATURE
    * shape_gradient_field
    * solution->TEMPERATURE
    * solution->TEMPERATURE_STKFS_OLD
    * storedAdjointSolution
    * storedForwardSolution
    * time_derivative_at_time->TEMPERATURE
    * time_derivative_at_time->TEMPERATURE_STKFS_OLD
  FACE_RANK Fields:
    * face_coverage
  ELEMENT_RANK Fields:
    * current_element_volume
    * initial_element_volume
    * volume_change_ratio
  Global Variables:
    * dt
    * number_of_elements
    * number_of_nodes
    * time
INVERSE: Solving forward problem. {
  Aria Region "AriaRegion" has the following fields available for output:
    NODE_RANK Fields:
      * AdjointSourceField
      * Aria_Node_Global_Id_Field_main
      * Aria_Node_Local_Id_Field_main
      * anti_time_derivative_at_time->TEMPERATURE
      * anti_time_derivative_at_time->TEMPERATURE_STKFS_OLD
      * model_coordinates
      * physical_coordinates
      * predicted_solution->TEMPERATURE
      * shape_gradient_field
      * solution->TEMPERATURE
      * solution->TEMPERATURE_STKFS_OLD
      * storedAdjointSolution
      * storedForwardSolution
      * time_derivative_at_time->TEMPERATURE
      * time_derivative_at_time->TEMPERATURE_STKFS_OLD
    FACE_RANK Fields:
      * face_coverage
    ELEMENT_RANK Fields:
      * current_element_volume
      * initial_element_volume
      * volume_change_ratio
    Global Variables:
      * dt
      * number_of_elements
      * number_of_nodes
      * time
+----+----+----+----+----+----+----+----+----+----+----+----+----+----+----+----
Executing procedure                                         May 31 2024 09:05:53


Transient Time_Stepping_Block, start 0, stop 3600, onset 0
Minimum Time Step Selection:
        min           max
     1.000e-16     6.000e+02     AriaRegion
Transient time_stepping_block: dt = 600
  INVERSE: Storing solution for step 0, time = 0.00e+00
Transient Time_Stepping_Block, step 1, time 6.0000e+02, time step 6.0000e+02, 16.67% complete
  Memory Usage: current = 203362304 (193.9 M), high-water-mark = 308064256 (293.8 M)
  DEFAULTING PREDICTOR-CORRECTOR_BEGIN_AFTER_STEP = 2.
   
  Equation System AriaRegion->main:
   * Step  : Transient, Strategy: NEWTON, Time: 6.00e+02, Step: 6.00e+02
   * Matrix: Solver: "linear_solver", Unknowns: 2861, Nonzeros: 34935
   * Mesh  : Processor 0 of 1: 11444 of 11444 elems, 2861 of 2861 nodes
    N O N L I N E A R                 L I N E A R               
  ----------------------   --------------------------------------
  Step  Resid    Delta     Itns  Status   Resid    Asm/Slv Time
  ---- -------- --------   ---- -------- -------- ---------------
  1    4.77e+08 8.67e+02   107   ok      7.59e-09 1.3e-02/1.8e-02
  2    3.63e+00 3.82e-06   109   ok      6.25e-09 1.3e-02/2.0e-02
  3    1.30e-06 6.55e-14   100   ok      6.92e-09 1.4e-02/1.9e-02
  Termination reason: 6.55101e-14 < nonlinear_correction_tolerance(1e-06)
   
  Field            min     @ id    max     @ id max-chg  @ id pred-err  pred-min  @ id  pred-max  @ id
  ------------- ---------- ---- ---------- ---- -------- ---- -------- ---------- ---- ---------- ----
    TEMPERATURE 1.2824e+01  288 2.0000e+01   17 1.99e+01  343 8.11e-01 0.0000e+00    1 2.0000e+01   17
   
  time_derivative_at_time->TEMPERATURE :
    MIN(value,loc) = (0.00e+00, 17) : MAX(value,loc) = (3.31e-02, 343)
  Segregated solution procedure converged after 1 iterations.
  Global Variable Value
  --------------- -----
  Region::execute() time for AriaRegion: 1.39e-01 sec.
  INVERSE: Storing solution for step 1, time = 6.00e+02
Minimum Time Step Selection:
        min           max
     1.000e-16     6.000e+02     AriaRegion
Transient time_stepping_block: dt = 600
Transient Time_Stepping_Block, step 2, time 1.2000e+03, time step 6.0000e+02, 33.33% complete
  Memory Usage: current = 203362304 (193.9 M), high-water-mark = 308064256 (293.8 M)
   
  Equation System AriaRegion->main:
   * Step  : Transient, Strategy: NEWTON, Time: 1.20e+03, Step: 6.00e+02
   * Matrix: Solver: "linear_solver", Unknowns: 2861, Nonzeros: 34935
   * Mesh  : Processor 0 of 1: 11444 of 11444 elems, 2861 of 2861 nodes
    N O N L I N E A R                 L I N E A R               
  ----------------------   --------------------------------------
  Step  Resid    Delta     Itns  Status   Resid    Asm/Slv Time
  ---- -------- --------   ---- -------- -------- ---------------
  1    4.77e+08 8.56e+02   107   ok      7.43e-09 1.4e-02/1.9e-02
  2    3.55e+00 3.77e-06   110   ok      7.24e-09 1.4e-02/2.1e-02
  3    1.02e-06 6.45e-14   101   ok      9.81e-09 1.4e-02/1.9e-02
  Termination reason: 6.4508e-14 < nonlinear_correction_tolerance(1e-06)
   
  Field            min     @ id    max     @ id max-chg  @ id pred-err  pred-min  @ id  pred-max  @ id
  ------------- ---------- ---- ---------- ---- -------- ---- -------- ---------- ---- ---------- ----
    TEMPERATURE 1.3169e+01  288 2.0000e+01   17 3.45e-01  232 8.00e-01 2.0000e+01   17 3.9754e+01  343
   
  time_derivative_at_time->TEMPERATURE :
    MIN(value,loc) = (0.00e+00, 17) : MAX(value,loc) = (5.76e-04, 232)
  Segregated solution procedure converged after 1 iterations.
  Global Variable Value
  --------------- -----
  Region::execute() time for AriaRegion: 1.03e-01 sec.
  INVERSE: Storing solution for step 2, time = 1.20e+03
Minimum Time Step Selection:
        min           max
     1.000e-16     6.000e+02     AriaRegion
Transient time_stepping_block: dt = 600
Transient Time_Stepping_Block, step 3, time 1.8000e+03, time step 6.0000e+02, 50.00% complete
  Memory Usage: current = 203362304 (193.9 M), high-water-mark = 308064256 (293.8 M)
   
  Equation System AriaRegion->main:
   * Step  : Transient, Strategy: NEWTON, Time: 1.80e+03, Step: 6.00e+02
   * Matrix: Solver: "linear_solver", Unknowns: 2861, Nonzeros: 34935
   * Mesh  : Processor 0 of 1: 11444 of 11444 elems, 2861 of 2861 nodes
    N O N L I N E A R                 L I N E A R               
  ----------------------   --------------------------------------
  Step  Resid    Delta     Itns  Status   Resid    Asm/Slv Time
  ---- -------- --------   ---- -------- -------- ---------------
  1    6.35e+04 1.29e+01   109   ok      7.36e-09 1.4e-02/2.0e-02
  2    4.68e-04 2.51e-10   102   ok      7.79e-09 1.4e-02/1.9e-02
  Termination reason: 2.50535e-10 < nonlinear_correction_tolerance(1e-06)
   
  Field            min     @ id    max     @ id max-chg  @ id pred-err  pred-min  @ id  pred-max  @ id
  ------------- ---------- ---- ---------- ---- -------- ---- -------- ---------- ---- ---------- ----
    TEMPERATURE 1.3176e+01  288 2.0000e+01   17 6.99e-03  232 1.20e-02 1.3515e+01  288 2.0000e+01   17
   
  time_derivative_at_time->TEMPERATURE :
    MIN(value,loc) = (0.00e+00, 17) : MAX(value,loc) = (1.16e-05, 232)
  Segregated solution procedure converged after 1 iterations.
  Global Variable Value
  --------------- -----
  Region::execute() time for AriaRegion: 6.92e-02 sec.
  INVERSE: Storing solution for step 3, time = 1.80e+03
Minimum Time Step Selection:
        min           max
     1.000e-16     6.000e+02     AriaRegion
Transient time_stepping_block: dt = 600
Transient Time_Stepping_Block, step 4, time 2.4000e+03, time step 6.0000e+02, 66.67% complete
  Memory Usage: current = 203362304 (193.9 M), high-water-mark = 308064256 (293.8 M)
   
  Equation System AriaRegion->main:
   * Step  : Transient, Strategy: NEWTON, Time: 2.40e+03, Step: 6.00e+02
   * Matrix: Solver: "linear_solver", Unknowns: 2861, Nonzeros: 34935
   * Mesh  : Processor 0 of 1: 11444 of 11444 elems, 2861 of 2861 nodes
    N O N L I N E A R                 L I N E A R               
  ----------------------   --------------------------------------
  Step  Resid    Delta     Itns  Status   Resid    Asm/Slv Time
  ---- -------- --------   ---- -------- -------- ---------------
  1    9.37e+02 2.50e-01   107   ok      8.82e-09 1.4e-02/1.9e-02
  2    8.11e-06 6.62e-12   107   ok      5.85e-09 1.3e-02/2.0e-02
  Termination reason: 6.62107e-12 < nonlinear_correction_tolerance(1e-06)
   
  Field            min     @ id    max     @ id max-chg  @ id pred-err  pred-min  @ id  pred-max  @ id
  ------------- ---------- ---- ---------- ---- -------- ---- -------- ---------- ---- ---------- ----
    TEMPERATURE 1.3177e+01  288 2.0000e+01   17 1.37e-04  232 2.33e-04 1.3183e+01  288 2.0000e+01   17
   
  time_derivative_at_time->TEMPERATURE :
    MIN(value,loc) = (0.00e+00, 17) : MAX(value,loc) = (2.29e-07, 232)
  Segregated solution procedure converged after 1 iterations.
  Global Variable Value
  --------------- -----
  Region::execute() time for AriaRegion: 6.79e-02 sec.
  INVERSE: Storing solution for step 4, time = 2.40e+03
Minimum Time Step Selection:
        min           max
     1.000e-16     6.000e+02     AriaRegion
Transient time_stepping_block: dt = 600
Transient Time_Stepping_Block, step 5, time 3.0000e+03, time step 6.0000e+02, 83.33% complete
  Memory Usage: current = 203362304 (193.9 M), high-water-mark = 308064256 (293.8 M)
   
  Equation System AriaRegion->main:
   * Step  : Transient, Strategy: NEWTON, Time: 3.00e+03, Step: 6.00e+02
   * Matrix: Solver: "linear_solver", Unknowns: 2861, Nonzeros: 34935
   * Mesh  : Processor 0 of 1: 11444 of 11444 elems, 2861 of 2861 nodes
    N O N L I N E A R                 L I N E A R               
  ----------------------   --------------------------------------
  Step  Resid    Delta     Itns  Status   Resid    Asm/Slv Time
  ---- -------- --------   ---- -------- -------- ---------------
  1    1.83e+01 4.89e-03   107   ok      6.71e-09 1.3e-02/2.0e-02
  2    1.55e-06 1.40e-13   103   ok      8.37e-09 1.4e-02/2.0e-02
  Termination reason: 1.39756e-13 < nonlinear_correction_tolerance(1e-06)
   
  Field            min     @ id    max     @ id max-chg  @ id pred-err  pred-min  @ id  pred-max  @ id
  ------------- ---------- ---- ---------- ---- -------- ---- -------- ---------- ---- ---------- ----
    TEMPERATURE 1.3177e+01  288 2.0000e+01   17 2.69e-06  232 4.57e-06 1.3177e+01  288 2.0000e+01   17
   
  time_derivative_at_time->TEMPERATURE :
    MIN(value,loc) = (0.00e+00, 17) : MAX(value,loc) = (4.49e-09, 232)
  Segregated solution procedure converged after 1 iterations.
  Global Variable Value
  --------------- -----
  Region::execute() time for AriaRegion: 6.99e-02 sec.
  INVERSE: Storing solution for step 5, time = 3.00e+03
Minimum Time Step Selection:
        min           max
     1.000e-16     6.000e+02     AriaRegion
Transient time_stepping_block: dt = 600
Transient Time_Stepping_Block, step 6, time 3.6000e+03, time step 6.0000e+02, 100.00% complete
  Memory Usage: current = 203362304 (193.9 M), high-water-mark = 308064256 (293.8 M)
   
  Equation System AriaRegion->main:
   * Step  : Transient, Strategy: NEWTON, Time: 3.60e+03, Step: 6.00e+02
   * Matrix: Solver: "linear_solver", Unknowns: 2861, Nonzeros: 34935
   * Mesh  : Processor 0 of 1: 11444 of 11444 elems, 2861 of 2861 nodes
    N O N L I N E A R                 L I N E A R               
  ----------------------   --------------------------------------
  Step  Resid    Delta     Itns  Status   Resid    Asm/Slv Time
  ---- -------- --------   ---- -------- -------- ---------------
  1    3.59e-01 9.59e-05   109   ok      9.01e-09 1.4e-02/2.1e-02
  2    1.64e-06 5.61e-14   100   ok      9.19e-09 1.4e-02/1.7e-02
  Termination reason: 5.60914e-14 < nonlinear_correction_tolerance(1e-06)
   
  Field            min     @ id    max     @ id max-chg  @ id pred-err  pred-min  @ id  pred-max  @ id
  ------------- ---------- ---- ---------- ---- -------- ---- -------- ---------- ---- ---------- ----
    TEMPERATURE 1.3177e+01  288 2.0000e+01   17 5.28e-08  232 8.96e-08 1.3177e+01  288 2.0000e+01   17
   
  time_derivative_at_time->TEMPERATURE :
    MIN(value,loc) = (0.00e+00, 17) : MAX(value,loc) = (8.80e-11, 232)
  Segregated solution procedure converged after 1 iterations.
  Global Variable Value
  --------------- -----
  Region::execute() time for AriaRegion: 6.82e-02 sec.
  INVERSE: Storing solution for step 6, time = 3.60e+03

Procedure ariaProcedure complete                            May 31 2024 09:05:53
}
Aria Region "AriaRegion" has the following fields available for output:
  NODE_RANK Fields:
    * AdjointSourceField
    * Aria_Node_Global_Id_Field_main
    * Aria_Node_Local_Id_Field_main
    * anti_time_derivative_at_time->TEMPERATURE
    * anti_time_derivative_at_time->TEMPERATURE_STKFS_OLD
    * model_coordinates
    * physical_coordinates
    * predicted_solution->TEMPERATURE
    * shape_gradient_field
    * solution->TEMPERATURE
    * solution->TEMPERATURE_STKFS_OLD
    * storedAdjointSolution
    * storedForwardSolution
    * time_derivative_at_time->TEMPERATURE
    * time_derivative_at_time->TEMPERATURE_STKFS_OLD
  FACE_RANK Fields:
    * face_coverage
  ELEMENT_RANK Fields:
    * current_element_volume
    * initial_element_volume
    * volume_change_ratio
  Global Variables:
    * dt
    * number_of_elements
    * number_of_nodes
    * time
INVERSE: Solving forward problem. {
  Aria Region "AriaRegion" has the following fields available for output:
    NODE_RANK Fields:
      * AdjointSourceField
      * Aria_Node_Global_Id_Field_main
      * Aria_Node_Local_Id_Field_main
      * anti_time_derivative_at_time->TEMPERATURE
      * anti_time_derivative_at_time->TEMPERATURE_STKFS_OLD
      * model_coordinates
      * physical_coordinates
      * predicted_solution->TEMPERATURE
      * shape_gradient_field
      * solution->TEMPERATURE
      * solution->TEMPERATURE_STKFS_OLD
      * storedAdjointSolution
      * storedForwardSolution
      * time_derivative_at_time->TEMPERATURE
      * time_derivative_at_time->TEMPERATURE_STKFS_OLD
    FACE_RANK Fields:
      * face_coverage
    ELEMENT_RANK Fields:
      * current_element_volume
      * initial_element_volume
      * volume_change_ratio
    Global Variables:
      * dt
      * number_of_elements
      * number_of_nodes
      * time
+----+----+----+----+----+----+----+----+----+----+----+----+----+----+----+----
Executing procedure                                         May 31 2024 09:05:54


Transient Time_Stepping_Block, start 0, stop 3600, onset 0
Minimum Time Step Selection:
        min           max
     1.000e-16     6.000e+02     AriaRegion
Transient time_stepping_block: dt = 600
  INVERSE: Storing solution for step 0, time = 0.00e+00
Transient Time_Stepping_Block, step 1, time 6.0000e+02, time step 6.0000e+02, 16.67% complete
  Memory Usage: current = 203362304 (193.9 M), high-water-mark = 308064256 (293.8 M)
  DEFAULTING PREDICTOR-CORRECTOR_BEGIN_AFTER_STEP = 2.
   
  Equation System AriaRegion->main:
   * Step  : Transient, Strategy: NEWTON, Time: 6.00e+02, Step: 6.00e+02
   * Matrix: Solver: "linear_solver", Unknowns: 2861, Nonzeros: 34935
   * Mesh  : Processor 0 of 1: 11444 of 11444 elems, 2861 of 2861 nodes
    N O N L I N E A R                 L I N E A R               
  ----------------------   --------------------------------------
  Step  Resid    Delta     Itns  Status   Resid    Asm/Slv Time
  ---- -------- --------   ---- -------- -------- ---------------
  1    4.77e+08 8.67e+02   107   ok      7.60e-09 1.3e-02/1.9e-02
  2    3.63e+00 3.83e-06   108   ok      9.76e-09 1.3e-02/1.9e-02
  3    1.30e-06 6.95e-14   101   ok      6.57e-09 1.3e-02/1.8e-02
  Termination reason: 6.94724e-14 < nonlinear_correction_tolerance(1e-06)
   
  Field            min     @ id    max     @ id max-chg  @ id pred-err  pred-min  @ id  pred-max  @ id
  ------------- ---------- ---- ---------- ---- -------- ---- -------- ---------- ---- ---------- ----
    TEMPERATURE 1.2824e+01  288 2.0000e+01   17 1.99e+01  343 8.11e-01 0.0000e+00    1 2.0000e+01   17
   
  time_derivative_at_time->TEMPERATURE :
    MIN(value,loc) = (0.00e+00, 17) : MAX(value,loc) = (3.31e-02, 343)
  Segregated solution procedure converged after 1 iterations.
  Global Variable Value
  --------------- -----
  Region::execute() time for AriaRegion: 1.35e-01 sec.
  INVERSE: Storing solution for step 1, time = 6.00e+02
Minimum Time Step Selection:
        min           max
     1.000e-16     6.000e+02     AriaRegion
Transient time_stepping_block: dt = 600
Transient Time_Stepping_Block, step 2, time 1.2000e+03, time step 6.0000e+02, 33.33% complete
  Memory Usage: current = 203362304 (193.9 M), high-water-mark = 308064256 (293.8 M)
   
  Equation System AriaRegion->main:
   * Step  : Transient, Strategy: NEWTON, Time: 1.20e+03, Step: 6.00e+02
   * Matrix: Solver: "linear_solver", Unknowns: 2861, Nonzeros: 34935
   * Mesh  : Processor 0 of 1: 11444 of 11444 elems, 2861 of 2861 nodes
    N O N L I N E A R                 L I N E A R               
  ----------------------   --------------------------------------
  Step  Resid    Delta     Itns  Status   Resid    Asm/Slv Time
  ---- -------- --------   ---- -------- -------- ---------------
  1    4.77e+08 8.56e+02   107   ok      7.64e-09 1.3e-02/1.8e-02
  2    3.65e+00 3.82e-06   80    ok      7.92e-09 1.2e-02/1.4e-02
  3    8.80e-07                 NoOp              1.2e-02
  Termination reason: 8.7993e-07 < nonlinear_residual_tolerance(1e-06),
                  and 0 < nonlinear_correction_tolerance(1e-06)
   
  Field            min     @ id    max     @ id max-chg  @ id pred-err  pred-min  @ id  pred-max  @ id
  ------------- ---------- ---- ---------- ---- -------- ---- -------- ---------- ---- ---------- ----
    TEMPERATURE 1.3169e+01  288 2.0000e+01   17 3.45e-01  232 8.00e-01 2.0000e+01   17 3.9754e+01  343
   
  time_derivative_at_time->TEMPERATURE :
    MIN(value,loc) = (0.00e+00, 17) : MAX(value,loc) = (5.76e-04, 232)
  Segregated solution procedure converged after 1 iterations.
  Global Variable Value
  --------------- -----
  Region::execute() time for AriaRegion: 7.11e-02 sec.
  INVERSE: Storing solution for step 2, time = 1.20e+03
Minimum Time Step Selection:
        min           max
     1.000e-16     6.000e+02     AriaRegion
Transient time_stepping_block: dt = 600
Transient Time_Stepping_Block, step 3, time 1.8000e+03, time step 6.0000e+02, 50.00% complete
  Memory Usage: current = 203362304 (193.9 M), high-water-mark = 308064256 (293.8 M)
   
  Equation System AriaRegion->main:
   * Step  : Transient, Strategy: NEWTON, Time: 1.80e+03, Step: 6.00e+02
   * Matrix: Solver: "linear_solver", Unknowns: 2861, Nonzeros: 34935
   * Mesh  : Processor 0 of 1: 11444 of 11444 elems, 2861 of 2861 nodes
    N O N L I N E A R                 L I N E A R               
  ----------------------   --------------------------------------
  Step  Resid    Delta     Itns  Status   Resid    Asm/Slv Time
  ---- -------- --------   ---- -------- -------- ---------------
  1    6.35e+04 1.29e+01   111   ok      4.20e-09 1.2e-02/1.9e-02
  2    2.67e-04 8.20e-11   106   ok      7.33e-09 1.3e-02/1.9e-02
  Termination reason: 8.19664e-11 < nonlinear_correction_tolerance(1e-06)
   
  Field            min     @ id    max     @ id max-chg  @ id pred-err  pred-min  @ id  pred-max  @ id
  ------------- ---------- ---- ---------- ---- -------- ---- -------- ---------- ---- ---------- ----
    TEMPERATURE 1.3176e+01  288 2.0000e+01   17 6.99e-03  232 1.20e-02 1.3515e+01  288 2.0000e+01   17
   
  time_derivative_at_time->TEMPERATURE :
    MIN(value,loc) = (0.00e+00, 17) : MAX(value,loc) = (1.16e-05, 232)
  Segregated solution procedure converged after 1 iterations.
  Global Variable Value
  --------------- -----
  Region::execute() time for AriaRegion: 6.45e-02 sec.
  INVERSE: Storing solution for step 3, time = 1.80e+03
Minimum Time Step Selection:
        min           max
     1.000e-16     6.000e+02     AriaRegion
Transient time_stepping_block: dt = 600
Transient Time_Stepping_Block, step 4, time 2.4000e+03, time step 6.0000e+02, 66.67% complete
  Memory Usage: current = 203362304 (193.9 M), high-water-mark = 308064256 (293.8 M)
   
  Equation System AriaRegion->main:
   * Step  : Transient, Strategy: NEWTON, Time: 2.40e+03, Step: 6.00e+02
   * Matrix: Solver: "linear_solver", Unknowns: 2861, Nonzeros: 34935
   * Mesh  : Processor 0 of 1: 11444 of 11444 elems, 2861 of 2861 nodes
    N O N L I N E A R                 L I N E A R               
  ----------------------   --------------------------------------
  Step  Resid    Delta     Itns  Status   Resid    Asm/Slv Time
  ---- -------- --------   ---- -------- -------- ---------------
  1    9.37e+02 2.50e-01   110   ok      5.81e-09 1.3e-02/1.9e-02
  2    5.79e-06 2.37e-12   107   ok      6.86e-09 1.3e-02/1.9e-02
  Termination reason: 2.36826e-12 < nonlinear_correction_tolerance(1e-06)
   
  Field            min     @ id    max     @ id max-chg  @ id pred-err  pred-min  @ id  pred-max  @ id
  ------------- ---------- ---- ---------- ---- -------- ---- -------- ---------- ---- ---------- ----
    TEMPERATURE 1.3177e+01  288 2.0000e+01   17 1.37e-04  232 2.33e-04 1.3183e+01  288 2.0000e+01   17
   
  time_derivative_at_time->TEMPERATURE :
    MIN(value,loc) = (0.00e+00, 17) : MAX(value,loc) = (2.29e-07, 232)
  Segregated solution procedure converged after 1 iterations.
  Global Variable Value
  --------------- -----
  Region::execute() time for AriaRegion: 6.46e-02 sec.
  INVERSE: Storing solution for step 4, time = 2.40e+03
Minimum Time Step Selection:
        min           max
     1.000e-16     6.000e+02     AriaRegion
Transient time_stepping_block: dt = 600
Transient Time_Stepping_Block, step 5, time 3.0000e+03, time step 6.0000e+02, 83.33% complete
  Memory Usage: current = 203362304 (193.9 M), high-water-mark = 308064256 (293.8 M)
   
  Equation System AriaRegion->main:
   * Step  : Transient, Strategy: NEWTON, Time: 3.00e+03, Step: 6.00e+02
   * Matrix: Solver: "linear_solver", Unknowns: 2861, Nonzeros: 34935
   * Mesh  : Processor 0 of 1: 11444 of 11444 elems, 2861 of 2861 nodes
    N O N L I N E A R                 L I N E A R               
  ----------------------   --------------------------------------
  Step  Resid    Delta     Itns  Status   Resid    Asm/Slv Time
  ---- -------- --------   ---- -------- -------- ---------------
  1    1.83e+01 4.89e-03   109   ok      7.06e-09 1.3e-02/1.9e-02
  2    1.53e-06 9.04e-14   105   ok      6.54e-09 1.3e-02/1.8e-02
  Termination reason: 9.04069e-14 < nonlinear_correction_tolerance(1e-06)
   
  Field            min     @ id    max     @ id max-chg  @ id pred-err  pred-min  @ id  pred-max  @ id
  ------------- ---------- ---- ---------- ---- -------- ---- -------- ---------- ---- ---------- ----
    TEMPERATURE 1.3177e+01  288 2.0000e+01   17 2.69e-06  232 4.57e-06 1.3177e+01  288 2.0000e+01   17
   
  time_derivative_at_time->TEMPERATURE :
    MIN(value,loc) = (0.00e+00, 17) : MAX(value,loc) = (4.49e-09, 232)
  Segregated solution procedure converged after 1 iterations.
  Global Variable Value
  --------------- -----
  Region::execute() time for AriaRegion: 6.47e-02 sec.
  INVERSE: Storing solution for step 5, time = 3.00e+03
Minimum Time Step Selection:
        min           max
     1.000e-16     6.000e+02     AriaRegion
Transient time_stepping_block: dt = 600
Transient Time_Stepping_Block, step 6, time 3.6000e+03, time step 6.0000e+02, 100.00% complete
  Memory Usage: current = 203362304 (193.9 M), high-water-mark = 308064256 (293.8 M)
   
  Equation System AriaRegion->main:
   * Step  : Transient, Strategy: NEWTON, Time: 3.60e+03, Step: 6.00e+02
   * Matrix: Solver: "linear_solver", Unknowns: 2861, Nonzeros: 34935
   * Mesh  : Processor 0 of 1: 11444 of 11444 elems, 2861 of 2861 nodes
    N O N L I N E A R                 L I N E A R               
  ----------------------   --------------------------------------
  Step  Resid    Delta     Itns  Status   Resid    Asm/Slv Time
  ---- -------- --------   ---- -------- -------- ---------------
  1    3.59e-01 9.59e-05   109   ok      9.87e-09 1.3e-02/1.9e-02
  2    1.43e-06 6.03e-14   101   ok      9.07e-09 1.3e-02/1.8e-02
  Termination reason: 6.02506e-14 < nonlinear_correction_tolerance(1e-06)
   
  Field            min     @ id    max     @ id max-chg  @ id pred-err  pred-min  @ id  pred-max  @ id
  ------------- ---------- ---- ---------- ---- -------- ---- -------- ---------- ---- ---------- ----
    TEMPERATURE 1.3177e+01  288 2.0000e+01   17 5.28e-08  232 8.96e-08 1.3177e+01  288 2.0000e+01   17
   
  time_derivative_at_time->TEMPERATURE :
    MIN(value,loc) = (0.00e+00, 17) : MAX(value,loc) = (8.80e-11, 232)
  Segregated solution procedure converged after 1 iterations.
  Global Variable Value
  --------------- -----
  Region::execute() time for AriaRegion: 6.46e-02 sec.
  INVERSE: Storing solution for step 6, time = 3.60e+03

Procedure ariaProcedure complete                            May 31 2024 09:05:55
}
Aria Region "AriaRegion" has the following fields available for output:
  NODE_RANK Fields:
    * AdjointSourceField
    * Aria_Node_Global_Id_Field_main
    * Aria_Node_Local_Id_Field_main
    * anti_time_derivative_at_time->TEMPERATURE
    * anti_time_derivative_at_time->TEMPERATURE_STKFS_OLD
    * model_coordinates
    * physical_coordinates
    * predicted_solution->TEMPERATURE
    * shape_gradient_field
    * solution->TEMPERATURE
    * solution->TEMPERATURE_STKFS_OLD
    * storedAdjointSolution
    * storedForwardSolution
    * time_derivative_at_time->TEMPERATURE
    * time_derivative_at_time->TEMPERATURE_STKFS_OLD
  FACE_RANK Fields:
    * face_coverage
  ELEMENT_RANK Fields:
    * current_element_volume
    * initial_element_volume
    * volume_change_ratio
  Global Variables:
    * dt
    * number_of_elements
    * number_of_nodes
    * time
INVERSE: Solving forward problem. {
  Aria Region "AriaRegion" has the following fields available for output:
    NODE_RANK Fields:
      * AdjointSourceField
      * Aria_Node_Global_Id_Field_main
      * Aria_Node_Local_Id_Field_main
      * anti_time_derivative_at_time->TEMPERATURE
      * anti_time_derivative_at_time->TEMPERATURE_STKFS_OLD
      * model_coordinates
      * physical_coordinates
      * predicted_solution->TEMPERATURE
      * shape_gradient_field
      * solution->TEMPERATURE
      * solution->TEMPERATURE_STKFS_OLD
      * storedAdjointSolution
      * storedForwardSolution
      * time_derivative_at_time->TEMPERATURE
      * time_derivative_at_time->TEMPERATURE_STKFS_OLD
    FACE_RANK Fields:
      * face_coverage
    ELEMENT_RANK Fields:
      * current_element_volume
      * initial_element_volume
      * volume_change_ratio
    Global Variables:
      * dt
      * number_of_elements
      * number_of_nodes
      * time
+----+----+----+----+----+----+----+----+----+----+----+----+----+----+----+----
Executing procedure                                         May 31 2024 09:05:55


Transient Time_Stepping_Block, start 0, stop 3600, onset 0
Minimum Time Step Selection:
        min           max
     1.000e-16     6.000e+02     AriaRegion
Transient time_stepping_block: dt = 600
  INVERSE: Storing solution for step 0, time = 0.00e+00
Transient Time_Stepping_Block, step 1, time 6.0000e+02, time step 6.0000e+02, 16.67% complete
  Memory Usage: current = 203362304 (193.9 M), high-water-mark = 308064256 (293.8 M)
  DEFAULTING PREDICTOR-CORRECTOR_BEGIN_AFTER_STEP = 2.
   
  Equation System AriaRegion->main:
   * Step  : Transient, Strategy: NEWTON, Time: 6.00e+02, Step: 6.00e+02
   * Matrix: Solver: "linear_solver", Unknowns: 2861, Nonzeros: 34935
   * Mesh  : Processor 0 of 1: 11444 of 11444 elems, 2861 of 2861 nodes
    N O N L I N E A R                 L I N E A R               
  ----------------------   --------------------------------------
  Step  Resid    Delta     Itns  Status   Resid    Asm/Slv Time
  ---- -------- --------   ---- -------- -------- ---------------
  1    4.77e+08 8.67e+02   107   ok      7.60e-09 1.3e-02/1.9e-02
  2    3.63e+00 3.83e-06   108   ok      9.85e-09 1.3e-02/1.9e-02
  3    1.15e-06 7.66e-14   103   ok      6.47e-09 1.3e-02/1.8e-02
  Termination reason: 7.66087e-14 < nonlinear_correction_tolerance(1e-06)
   
  Field            min     @ id    max     @ id max-chg  @ id pred-err  pred-min  @ id  pred-max  @ id
  ------------- ---------- ---- ---------- ---- -------- ---- -------- ---------- ---- ---------- ----
    TEMPERATURE 1.2824e+01  288 2.0000e+01   17 1.99e+01  343 8.11e-01 0.0000e+00    1 2.0000e+01   17
   
  time_derivative_at_time->TEMPERATURE :
    MIN(value,loc) = (0.00e+00, 17) : MAX(value,loc) = (3.31e-02, 343)
  Segregated solution procedure converged after 1 iterations.
  Global Variable Value
  --------------- -----
  Region::execute() time for AriaRegion: 1.36e-01 sec.
  INVERSE: Storing solution for step 1, time = 6.00e+02
Minimum Time Step Selection:
        min           max
     1.000e-16     6.000e+02     AriaRegion
Transient time_stepping_block: dt = 600
Transient Time_Stepping_Block, step 2, time 1.2000e+03, time step 6.0000e+02, 33.33% complete
  Memory Usage: current = 203362304 (193.9 M), high-water-mark = 308064256 (293.8 M)
   
  Equation System AriaRegion->main:
   * Step  : Transient, Strategy: NEWTON, Time: 1.20e+03, Step: 6.00e+02
   * Matrix: Solver: "linear_solver", Unknowns: 2861, Nonzeros: 34935
   * Mesh  : Processor 0 of 1: 11444 of 11444 elems, 2861 of 2861 nodes
    N O N L I N E A R                 L I N E A R               
  ----------------------   --------------------------------------
  Step  Resid    Delta     Itns  Status   Resid    Asm/Slv Time
  ---- -------- --------   ---- -------- -------- ---------------
  1    4.77e+08 8.56e+02   107   ok      7.63e-09 1.3e-02/1.8e-02
  2    3.64e+00 3.82e-06   108   ok      9.78e-09 1.2e-02/1.8e-02
  3    1.84e-06 9.40e-14   100   ok      7.36e-09 1.2e-02/1.7e-02
  Termination reason: 9.40438e-14 < nonlinear_correction_tolerance(1e-06)
   
  Field            min     @ id    max     @ id max-chg  @ id pred-err  pred-min  @ id  pred-max  @ id
  ------------- ---------- ---- ---------- ---- -------- ---- -------- ---------- ---- ---------- ----
    TEMPERATURE 1.3169e+01  288 2.0000e+01   17 3.45e-01  232 8.00e-01 2.0000e+01   17 3.9754e+01  343
   
  time_derivative_at_time->TEMPERATURE :
    MIN(value,loc) = (0.00e+00, 17) : MAX(value,loc) = (5.76e-04, 232)
  Segregated solution procedure converged after 1 iterations.
  Global Variable Value
  --------------- -----
  Region::execute() time for AriaRegion: 9.31e-02 sec.
  INVERSE: Storing solution for step 2, time = 1.20e+03
Minimum Time Step Selection:
        min           max
     1.000e-16     6.000e+02     AriaRegion
Transient time_stepping_block: dt = 600
Transient Time_Stepping_Block, step 3, time 1.8000e+03, time step 6.0000e+02, 50.00% complete
  Memory Usage: current = 203362304 (193.9 M), high-water-mark = 308064256 (293.8 M)
   
  Equation System AriaRegion->main:
   * Step  : Transient, Strategy: NEWTON, Time: 1.80e+03, Step: 6.00e+02
   * Matrix: Solver: "linear_solver", Unknowns: 2861, Nonzeros: 34935
   * Mesh  : Processor 0 of 1: 11444 of 11444 elems, 2861 of 2861 nodes
    N O N L I N E A R                 L I N E A R               
  ----------------------   --------------------------------------
  Step  Resid    Delta     Itns  Status   Resid    Asm/Slv Time
  ---- -------- --------   ---- -------- -------- ---------------
  1    6.35e+04 1.29e+01   110   ok      6.72e-09 1.2e-02/1.9e-02
  2    4.27e-04 1.54e-10   105   ok      7.81e-09 1.3e-02/1.8e-02
  Termination reason: 1.54176e-10 < nonlinear_correction_tolerance(1e-06)
   
  Field            min     @ id    max     @ id max-chg  @ id pred-err  pred-min  @ id  pred-max  @ id
  ------------- ---------- ---- ---------- ---- -------- ---- -------- ---------- ---- ---------- ----
    TEMPERATURE 1.3176e+01  288 2.0000e+01   17 6.99e-03  232 1.20e-02 1.3515e+01  288 2.0000e+01   17
   
  time_derivative_at_time->TEMPERATURE :
    MIN(value,loc) = (0.00e+00, 17) : MAX(value,loc) = (1.16e-05, 232)
  Segregated solution procedure converged after 1 iterations.
  Global Variable Value
  --------------- -----
  Region::execute() time for AriaRegion: 6.39e-02 sec.
  INVERSE: Storing solution for step 3, time = 1.80e+03
Minimum Time Step Selection:
        min           max
     1.000e-16     6.000e+02     AriaRegion
Transient time_stepping_block: dt = 600
Transient Time_Stepping_Block, step 4, time 2.4000e+03, time step 6.0000e+02, 66.67% complete
  Memory Usage: current = 203362304 (193.9 M), high-water-mark = 308064256 (293.8 M)
   
  Equation System AriaRegion->main:
   * Step  : Transient, Strategy: NEWTON, Time: 2.40e+03, Step: 6.00e+02
   * Matrix: Solver: "linear_solver", Unknowns: 2861, Nonzeros: 34935
   * Mesh  : Processor 0 of 1: 11444 of 11444 elems, 2861 of 2861 nodes
    N O N L I N E A R                 L I N E A R               
  ----------------------   --------------------------------------
  Step  Resid    Delta     Itns  Status   Resid    Asm/Slv Time
  ---- -------- --------   ---- -------- -------- ---------------
  1    9.37e+02 2.50e-01   107   ok      7.53e-09 1.3e-02/1.8e-02
  2    7.17e-06 6.44e-12   107   ok      9.51e-09 1.3e-02/1.8e-02
  Termination reason: 6.44477e-12 < nonlinear_correction_tolerance(1e-06)
   
  Field            min     @ id    max     @ id max-chg  @ id pred-err  pred-min  @ id  pred-max  @ id
  ------------- ---------- ---- ---------- ---- -------- ---- -------- ---------- ---- ---------- ----
    TEMPERATURE 1.3177e+01  288 2.0000e+01   17 1.37e-04  232 2.33e-04 1.3183e+01  288 2.0000e+01   17
   
  time_derivative_at_time->TEMPERATURE :
    MIN(value,loc) = (0.00e+00, 17) : MAX(value,loc) = (2.29e-07, 232)
  Segregated solution procedure converged after 1 iterations.
  Global Variable Value
  --------------- -----
  Region::execute() time for AriaRegion: 6.37e-02 sec.
  INVERSE: Storing solution for step 4, time = 2.40e+03
Minimum Time Step Selection:
        min           max
     1.000e-16     6.000e+02     AriaRegion
Transient time_stepping_block: dt = 600
Transient Time_Stepping_Block, step 5, time 3.0000e+03, time step 6.0000e+02, 83.33% complete
  Memory Usage: current = 203362304 (193.9 M), high-water-mark = 308064256 (293.8 M)
   
  Equation System AriaRegion->main:
   * Step  : Transient, Strategy: NEWTON, Time: 3.00e+03, Step: 6.00e+02
   * Matrix: Solver: "linear_solver", Unknowns: 2861, Nonzeros: 34935
   * Mesh  : Processor 0 of 1: 11444 of 11444 elems, 2861 of 2861 nodes
    N O N L I N E A R                 L I N E A R               
  ----------------------   --------------------------------------
  Step  Resid    Delta     Itns  Status   Resid    Asm/Slv Time
  ---- -------- --------   ---- -------- -------- ---------------
  1    1.83e+01 4.89e-03   108   ok      7.84e-09 1.2e-02/1.8e-02
  2    1.76e-06 1.24e-13   102   ok      7.57e-09 1.3e-02/1.9e-02
  Termination reason: 1.24226e-13 < nonlinear_correction_tolerance(1e-06)
   
  Field            min     @ id    max     @ id max-chg  @ id pred-err  pred-min  @ id  pred-max  @ id
  ------------- ---------- ---- ---------- ---- -------- ---- -------- ---------- ---- ---------- ----
    TEMPERATURE 1.3177e+01  288 2.0000e+01   17 2.69e-06  232 4.57e-06 1.3177e+01  288 2.0000e+01   17
   
  time_derivative_at_time->TEMPERATURE :
    MIN(value,loc) = (0.00e+00, 17) : MAX(value,loc) = (4.49e-09, 232)
  Segregated solution procedure converged after 1 iterations.
  Global Variable Value
  --------------- -----
  Region::execute() time for AriaRegion: 6.40e-02 sec.
  INVERSE: Storing solution for step 5, time = 3.00e+03
Minimum Time Step Selection:
        min           max
     1.000e-16     6.000e+02     AriaRegion
Transient time_stepping_block: dt = 600
Transient Time_Stepping_Block, step 6, time 3.6000e+03, time step 6.0000e+02, 100.00% complete
  Memory Usage: current = 203362304 (193.9 M), high-water-mark = 308064256 (293.8 M)
   
  Equation System AriaRegion->main:
   * Step  : Transient, Strategy: NEWTON, Time: 3.60e+03, Step: 6.00e+02
   * Matrix: Solver: "linear_solver", Unknowns: 2861, Nonzeros: 34935
   * Mesh  : Processor 0 of 1: 11444 of 11444 elems, 2861 of 2861 nodes
    N O N L I N E A R                 L I N E A R               
  ----------------------   --------------------------------------
  Step  Resid    Delta     Itns  Status   Resid    Asm/Slv Time
  ---- -------- --------   ---- -------- -------- ---------------
  1    3.59e-01 9.59e-05   107   ok      9.71e-09 1.3e-02/2.0e-02
  2    9.23e-07                 NoOp              1.4e-02
  Termination reason: 9.23116e-07 < nonlinear_residual_tolerance(1e-06),
                  and 0 < nonlinear_correction_tolerance(1e-06)
   
  Field            min     @ id    max     @ id max-chg  @ id pred-err  pred-min  @ id  pred-max  @ id
  ------------- ---------- ---- ---------- ---- -------- ---- -------- ---------- ---- ---------- ----
    TEMPERATURE 1.3177e+01  288 2.0000e+01   17 5.28e-08  232 8.96e-08 1.3177e+01  288 2.0000e+01   17
   
  time_derivative_at_time->TEMPERATURE :
    MIN(value,loc) = (0.00e+00, 17) : MAX(value,loc) = (8.80e-11, 232)
  Segregated solution procedure converged after 1 iterations.
  Global Variable Value
  --------------- -----
  Region::execute() time for AriaRegion: 4.77e-02 sec.
  INVERSE: Storing solution for step 6, time = 3.60e+03

Procedure ariaProcedure complete                            May 31 2024 09:05:56
}
Aria Region "AriaRegion" has the following fields available for output:
  NODE_RANK Fields:
    * AdjointSourceField
    * Aria_Node_Global_Id_Field_main
    * Aria_Node_Local_Id_Field_main
    * anti_time_derivative_at_time->TEMPERATURE
    * anti_time_derivative_at_time->TEMPERATURE_STKFS_OLD
    * model_coordinates
    * physical_coordinates
    * predicted_solution->TEMPERATURE
    * shape_gradient_field
    * solution->TEMPERATURE
    * solution->TEMPERATURE_STKFS_OLD
    * storedAdjointSolution
    * storedForwardSolution
    * time_derivative_at_time->TEMPERATURE
    * time_derivative_at_time->TEMPERATURE_STKFS_OLD
  FACE_RANK Fields:
    * face_coverage
  ELEMENT_RANK Fields:
    * current_element_volume
    * initial_element_volume
    * volume_change_ratio
  Global Variables:
    * dt
    * number_of_elements
    * number_of_nodes
    * time
INVERSE: Solving forward problem. {
  Aria Region "AriaRegion" has the following fields available for output:
    NODE_RANK Fields:
      * AdjointSourceField
      * Aria_Node_Global_Id_Field_main
      * Aria_Node_Local_Id_Field_main
      * anti_time_derivative_at_time->TEMPERATURE
      * anti_time_derivative_at_time->TEMPERATURE_STKFS_OLD
      * model_coordinates
      * physical_coordinates
      * predicted_solution->TEMPERATURE
      * shape_gradient_field
      * solution->TEMPERATURE
      * solution->TEMPERATURE_STKFS_OLD
      * storedAdjointSolution
      * storedForwardSolution
      * time_derivative_at_time->TEMPERATURE
      * time_derivative_at_time->TEMPERATURE_STKFS_OLD
    FACE_RANK Fields:
      * face_coverage
    ELEMENT_RANK Fields:
      * current_element_volume
      * initial_element_volume
      * volume_change_ratio
    Global Variables:
      * dt
      * number_of_elements
      * number_of_nodes
      * time
+----+----+----+----+----+----+----+----+----+----+----+----+----+----+----+----
Executing procedure                                         May 31 2024 09:05:57


Transient Time_Stepping_Block, start 0, stop 3600, onset 0
Minimum Time Step Selection:
        min           max
     1.000e-16     6.000e+02     AriaRegion
Transient time_stepping_block: dt = 600
  INVERSE: Storing solution for step 0, time = 0.00e+00
Transient Time_Stepping_Block, step 1, time 6.0000e+02, time step 6.0000e+02, 16.67% complete
  Memory Usage: current = 203362304 (193.9 M), high-water-mark = 308064256 (293.8 M)
  DEFAULTING PREDICTOR-CORRECTOR_BEGIN_AFTER_STEP = 2.
   
  Equation System AriaRegion->main:
   * Step  : Transient, Strategy: NEWTON, Time: 6.00e+02, Step: 6.00e+02
   * Matrix: Solver: "linear_solver", Unknowns: 2861, Nonzeros: 34935
   * Mesh  : Processor 0 of 1: 11444 of 11444 elems, 2861 of 2861 nodes
    N O N L I N E A R                 L I N E A R               
  ----------------------   --------------------------------------
  Step  Resid    Delta     Itns  Status   Resid    Asm/Slv Time
  ---- -------- --------   ---- -------- -------- ---------------
  1    4.77e+08 8.67e+02   107   ok      7.60e-09 1.4e-02/2.0e-02
  2    3.63e+00 3.83e-06   105   ok      9.80e-09 1.3e-02/1.9e-02
  3    1.40e-06 2.02e-13   101   ok      9.39e-09 1.3e-02/1.8e-02
  Termination reason: 2.01609e-13 < nonlinear_correction_tolerance(1e-06)
   
  Field            min     @ id    max     @ id max-chg  @ id pred-err  pred-min  @ id  pred-max  @ id
  ------------- ---------- ---- ---------- ---- -------- ---- -------- ---------- ---- ---------- ----
    TEMPERATURE 1.2824e+01  288 2.0000e+01   17 1.99e+01  343 8.11e-01 0.0000e+00    1 2.0000e+01   17
   
  time_derivative_at_time->TEMPERATURE :
    MIN(value,loc) = (0.00e+00, 17) : MAX(value,loc) = (3.31e-02, 343)
  Segregated solution procedure converged after 1 iterations.
  Global Variable Value
  --------------- -----
  Region::execute() time for AriaRegion: 1.38e-01 sec.
  INVERSE: Storing solution for step 1, time = 6.00e+02
Minimum Time Step Selection:
        min           max
     1.000e-16     6.000e+02     AriaRegion
Transient time_stepping_block: dt = 600
Transient Time_Stepping_Block, step 2, time 1.2000e+03, time step 6.0000e+02, 33.33% complete
  Memory Usage: current = 203362304 (193.9 M), high-water-mark = 308064256 (293.8 M)
   
  Equation System AriaRegion->main:
   * Step  : Transient, Strategy: NEWTON, Time: 1.20e+03, Step: 6.00e+02
   * Matrix: Solver: "linear_solver", Unknowns: 2861, Nonzeros: 34935
   * Mesh  : Processor 0 of 1: 11444 of 11444 elems, 2861 of 2861 nodes
    N O N L I N E A R                 L I N E A R               
  ----------------------   --------------------------------------
  Step  Resid    Delta     Itns  Status   Resid    Asm/Slv Time
  ---- -------- --------   ---- -------- -------- ---------------
  1    4.77e+08 8.56e+02   107   ok      7.64e-09 1.3e-02/1.8e-02
  2    3.65e+00 3.82e-06   104   ok      9.79e-09 1.3e-02/1.8e-02
  3    1.43e-06 2.24e-13   101   ok      7.34e-09 1.3e-02/1.8e-02
  Termination reason: 2.23602e-13 < nonlinear_correction_tolerance(1e-06)
   
  Field            min     @ id    max     @ id max-chg  @ id pred-err  pred-min  @ id  pred-max  @ id
  ------------- ---------- ---- ---------- ---- -------- ---- -------- ---------- ---- ---------- ----
    TEMPERATURE 1.3169e+01  288 2.0000e+01   17 3.45e-01  232 8.00e-01 2.0000e+01   17 3.9754e+01  343
   
  time_derivative_at_time->TEMPERATURE :
    MIN(value,loc) = (0.00e+00, 17) : MAX(value,loc) = (5.76e-04, 232)
  Segregated solution procedure converged after 1 iterations.
  Global Variable Value
  --------------- -----
  Region::execute() time for AriaRegion: 9.43e-02 sec.
  INVERSE: Storing solution for step 2, time = 1.20e+03
Minimum Time Step Selection:
        min           max
     1.000e-16     6.000e+02     AriaRegion
Transient time_stepping_block: dt = 600
Transient Time_Stepping_Block, step 3, time 1.8000e+03, time step 6.0000e+02, 50.00% complete
  Memory Usage: current = 203362304 (193.9 M), high-water-mark = 308064256 (293.8 M)
   
  Equation System AriaRegion->main:
   * Step  : Transient, Strategy: NEWTON, Time: 1.80e+03, Step: 6.00e+02
   * Matrix: Solver: "linear_solver", Unknowns: 2861, Nonzeros: 34935
   * Mesh  : Processor 0 of 1: 11444 of 11444 elems, 2861 of 2861 nodes
    N O N L I N E A R                 L I N E A R               
  ----------------------   --------------------------------------
  Step  Resid    Delta     Itns  Status   Resid    Asm/Slv Time
  ---- -------- --------   ---- -------- -------- ---------------
  1    6.35e+04 1.29e+01   111   ok      3.83e-09 1.3e-02/2.0e-02
  2    2.43e-04 8.25e-11   101   ok      9.09e-09 1.3e-02/1.8e-02
  Termination reason: 8.25216e-11 < nonlinear_correction_tolerance(1e-06)
   
  Field            min     @ id    max     @ id max-chg  @ id pred-err  pred-min  @ id  pred-max  @ id
  ------------- ---------- ---- ---------- ---- -------- ---- -------- ---------- ---- ---------- ----
    TEMPERATURE 1.3176e+01  288 2.0000e+01   17 6.99e-03  232 1.20e-02 1.3515e+01  288 2.0000e+01   17
   
  time_derivative_at_time->TEMPERATURE :
    MIN(value,loc) = (0.00e+00, 17) : MAX(value,loc) = (1.16e-05, 232)
  Segregated solution procedure converged after 1 iterations.
  Global Variable Value
  --------------- -----
  Region::execute() time for AriaRegion: 6.52e-02 sec.
  INVERSE: Storing solution for step 3, time = 1.80e+03
Minimum Time Step Selection:
        min           max
     1.000e-16     6.000e+02     AriaRegion
Transient time_stepping_block: dt = 600
Transient Time_Stepping_Block, step 4, time 2.4000e+03, time step 6.0000e+02, 66.67% complete
  Memory Usage: current = 203362304 (193.9 M), high-water-mark = 308064256 (293.8 M)
   
  Equation System AriaRegion->main:
   * Step  : Transient, Strategy: NEWTON, Time: 2.40e+03, Step: 6.00e+02
   * Matrix: Solver: "linear_solver", Unknowns: 2861, Nonzeros: 34935
   * Mesh  : Processor 0 of 1: 11444 of 11444 elems, 2861 of 2861 nodes
    N O N L I N E A R                 L I N E A R               
  ----------------------   --------------------------------------
  Step  Resid    Delta     Itns  Status   Resid    Asm/Slv Time
  ---- -------- --------   ---- -------- -------- ---------------
  1    9.37e+02 2.50e-01   109   ok      9.63e-09 1.3e-02/2.0e-02
  2    9.20e-06 3.54e-12   107   ok      7.57e-09 1.3e-02/1.9e-02
  Termination reason: 3.53658e-12 < nonlinear_correction_tolerance(1e-06)
   
  Field            min     @ id    max     @ id max-chg  @ id pred-err  pred-min  @ id  pred-max  @ id
  ------------- ---------- ---- ---------- ---- -------- ---- -------- ---------- ---- ---------- ----
    TEMPERATURE 1.3177e+01  288 2.0000e+01   17 1.37e-04  232 2.33e-04 1.3183e+01  288 2.0000e+01   17
   
  time_derivative_at_time->TEMPERATURE :
    MIN(value,loc) = (0.00e+00, 17) : MAX(value,loc) = (2.29e-07, 232)
  Segregated solution procedure converged after 1 iterations.
  Global Variable Value
  --------------- -----
  Region::execute() time for AriaRegion: 6.78e-02 sec.
  INVERSE: Storing solution for step 4, time = 2.40e+03
Minimum Time Step Selection:
        min           max
     1.000e-16     6.000e+02     AriaRegion
Transient time_stepping_block: dt = 600
Transient Time_Stepping_Block, step 5, time 3.0000e+03, time step 6.0000e+02, 83.33% complete
  Memory Usage: current = 203362304 (193.9 M), high-water-mark = 308064256 (293.8 M)
   
  Equation System AriaRegion->main:
   * Step  : Transient, Strategy: NEWTON, Time: 3.00e+03, Step: 6.00e+02
   * Matrix: Solver: "linear_solver", Unknowns: 2861, Nonzeros: 34935
   * Mesh  : Processor 0 of 1: 11444 of 11444 elems, 2861 of 2861 nodes
    N O N L I N E A R                 L I N E A R               
  ----------------------   --------------------------------------
  Step  Resid    Delta     Itns  Status   Resid    Asm/Slv Time
  ---- -------- --------   ---- -------- -------- ---------------
  1    1.83e+01 4.89e-03   107   ok      6.71e-09 1.3e-02/2.0e-02
  2    1.05e-06 1.42e-13   106   ok      6.68e-09 1.3e-02/1.9e-02
  Termination reason: 1.42466e-13 < nonlinear_correction_tolerance(1e-06)
   
  Field            min     @ id    max     @ id max-chg  @ id pred-err  pred-min  @ id  pred-max  @ id
  ------------- ---------- ---- ---------- ---- -------- ---- -------- ---------- ---- ---------- ----
    TEMPERATURE 1.3177e+01  288 2.0000e+01   17 2.69e-06  232 4.57e-06 1.3177e+01  288 2.0000e+01   17
   
  time_derivative_at_time->TEMPERATURE :
    MIN(value,loc) = (0.00e+00, 17) : MAX(value,loc) = (4.49e-09, 232)
  Segregated solution procedure converged after 1 iterations.
  Global Variable Value
  --------------- -----
  Region::execute() time for AriaRegion: 6.64e-02 sec.
  INVERSE: Storing solution for step 5, time = 3.00e+03
Minimum Time Step Selection:
        min           max
     1.000e-16     6.000e+02     AriaRegion
Transient time_stepping_block: dt = 600
Transient Time_Stepping_Block, step 6, time 3.6000e+03, time step 6.0000e+02, 100.00% complete
  Memory Usage: current = 203362304 (193.9 M), high-water-mark = 308064256 (293.8 M)
   
  Equation System AriaRegion->main:
   * Step  : Transient, Strategy: NEWTON, Time: 3.60e+03, Step: 6.00e+02
   * Matrix: Solver: "linear_solver", Unknowns: 2861, Nonzeros: 34935
   * Mesh  : Processor 0 of 1: 11444 of 11444 elems, 2861 of 2861 nodes
    N O N L I N E A R                 L I N E A R               
  ----------------------   --------------------------------------
  Step  Resid    Delta     Itns  Status   Resid    Asm/Slv Time
  ---- -------- --------   ---- -------- -------- ---------------
  1    3.59e-01 9.59e-05   107   ok      6.70e-09 1.3e-02/1.8e-02
  2    1.41e-06 6.47e-14   102   ok      7.25e-09 1.2e-02/1.8e-02
  Termination reason: 6.47073e-14 < nonlinear_correction_tolerance(1e-06)
   
  Field            min     @ id    max     @ id max-chg  @ id pred-err  pred-min  @ id  pred-max  @ id
  ------------- ---------- ---- ---------- ---- -------- ---- -------- ---------- ---- ---------- ----
    TEMPERATURE 1.3177e+01  288 2.0000e+01   17 5.28e-08  232 8.96e-08 1.3177e+01  288 2.0000e+01   17
   
  time_derivative_at_time->TEMPERATURE :
    MIN(value,loc) = (0.00e+00, 17) : MAX(value,loc) = (8.80e-11, 232)
  Segregated solution procedure converged after 1 iterations.
  Global Variable Value
  --------------- -----
  Region::execute() time for AriaRegion: 6.26e-02 sec.
  INVERSE: Storing solution for step 6, time = 3.60e+03

Procedure ariaProcedure complete                            May 31 2024 09:05:57
}
Aria Region "AriaRegion" has the following fields available for output:
  NODE_RANK Fields:
    * AdjointSourceField
    * Aria_Node_Global_Id_Field_main
    * Aria_Node_Local_Id_Field_main
    * anti_time_derivative_at_time->TEMPERATURE
    * anti_time_derivative_at_time->TEMPERATURE_STKFS_OLD
    * model_coordinates
    * physical_coordinates
    * predicted_solution->TEMPERATURE
    * shape_gradient_field
    * solution->TEMPERATURE
    * solution->TEMPERATURE_STKFS_OLD
    * storedAdjointSolution
    * storedForwardSolution
    * time_derivative_at_time->TEMPERATURE
    * time_derivative_at_time->TEMPERATURE_STKFS_OLD
  FACE_RANK Fields:
    * face_coverage
  ELEMENT_RANK Fields:
    * current_element_volume
    * initial_element_volume
    * volume_change_ratio
  Global Variables:
    * dt
    * number_of_elements
    * number_of_nodes
    * time
INVERSE: Solving forward problem. {
  Aria Region "AriaRegion" has the following fields available for output:
    NODE_RANK Fields:
      * AdjointSourceField
      * Aria_Node_Global_Id_Field_main
      * Aria_Node_Local_Id_Field_main
      * anti_time_derivative_at_time->TEMPERATURE
      * anti_time_derivative_at_time->TEMPERATURE_STKFS_OLD
      * model_coordinates
      * physical_coordinates
      * predicted_solution->TEMPERATURE
      * shape_gradient_field
      * solution->TEMPERATURE
      * solution->TEMPERATURE_STKFS_OLD
      * storedAdjointSolution
      * storedForwardSolution
      * time_derivative_at_time->TEMPERATURE
      * time_derivative_at_time->TEMPERATURE_STKFS_OLD
    FACE_RANK Fields:
      * face_coverage
    ELEMENT_RANK Fields:
      * current_element_volume
      * initial_element_volume
      * volume_change_ratio
    Global Variables:
      * dt
      * number_of_elements
      * number_of_nodes
      * time
+----+----+----+----+----+----+----+----+----+----+----+----+----+----+----+----
Executing procedure                                         May 31 2024 09:05:58


Transient Time_Stepping_Block, start 0, stop 3600, onset 0
Minimum Time Step Selection:
        min           max
     1.000e-16     6.000e+02     AriaRegion
Transient time_stepping_block: dt = 600
  INVERSE: Storing solution for step 0, time = 0.00e+00
Transient Time_Stepping_Block, step 1, time 6.0000e+02, time step 6.0000e+02, 16.67% complete
  Memory Usage: current = 203362304 (193.9 M), high-water-mark = 308064256 (293.8 M)
  DEFAULTING PREDICTOR-CORRECTOR_BEGIN_AFTER_STEP = 2.
   
  Equation System AriaRegion->main:
   * Step  : Transient, Strategy: NEWTON, Time: 6.00e+02, Step: 6.00e+02
   * Matrix: Solver: "linear_solver", Unknowns: 2861, Nonzeros: 34935
   * Mesh  : Processor 0 of 1: 11444 of 11444 elems, 2861 of 2861 nodes
    N O N L I N E A R                 L I N E A R               
  ----------------------   --------------------------------------
  Step  Resid    Delta     Itns  Status   Resid    Asm/Slv Time
  ---- -------- --------   ---- -------- -------- ---------------
  1    4.77e+08 8.67e+02   107   ok      7.60e-09 1.3e-02/1.9e-02
  2    3.63e+00 3.83e-06   109   ok      6.77e-09 1.3e-02/1.9e-02
  3    6.57e-07                 NoOp              1.3e-02
  Termination reason: 6.56981e-07 < nonlinear_residual_tolerance(1e-06),
                  and 0 < nonlinear_correction_tolerance(1e-06)
   
  Field            min     @ id    max     @ id max-chg  @ id pred-err  pred-min  @ id  pred-max  @ id
  ------------- ---------- ---- ---------- ---- -------- ---- -------- ---------- ---- ---------- ----
    TEMPERATURE 1.2824e+01  288 2.0000e+01   17 1.99e+01  343 8.11e-01 0.0000e+00    1 2.0000e+01   17
   
  time_derivative_at_time->TEMPERATURE :
    MIN(value,loc) = (0.00e+00, 17) : MAX(value,loc) = (3.31e-02, 343)
  Segregated solution procedure converged after 1 iterations.
  Global Variable Value
  --------------- -----
  Region::execute() time for AriaRegion: 1.17e-01 sec.
  INVERSE: Storing solution for step 1, time = 6.00e+02
Minimum Time Step Selection:
        min           max
     1.000e-16     6.000e+02     AriaRegion
Transient time_stepping_block: dt = 600
Transient Time_Stepping_Block, step 2, time 1.2000e+03, time step 6.0000e+02, 33.33% complete
  Memory Usage: current = 203362304 (193.9 M), high-water-mark = 308064256 (293.8 M)
   
  Equation System AriaRegion->main:
   * Step  : Transient, Strategy: NEWTON, Time: 1.20e+03, Step: 6.00e+02
   * Matrix: Solver: "linear_solver", Unknowns: 2861, Nonzeros: 34935
   * Mesh  : Processor 0 of 1: 11444 of 11444 elems, 2861 of 2861 nodes
    N O N L I N E A R                 L I N E A R               
  ----------------------   --------------------------------------
  Step  Resid    Delta     Itns  Status   Resid    Asm/Slv Time
  ---- -------- --------   ---- -------- -------- ---------------
  1    4.77e+08 8.56e+02   107   ok      7.59e-09 1.3e-02/2.0e-02
  2    3.62e+00 3.81e-06   110   ok      7.97e-09 1.4e-02/1.9e-02
  3    1.35e-06 5.58e-14   102   ok      8.80e-09 1.3e-02/1.8e-02
  Termination reason: 5.57637e-14 < nonlinear_correction_tolerance(1e-06)
   
  Field            min     @ id    max     @ id max-chg  @ id pred-err  pred-min  @ id  pred-max  @ id
  ------------- ---------- ---- ---------- ---- -------- ---- -------- ---------- ---- ---------- ----
    TEMPERATURE 1.3169e+01  288 2.0000e+01   17 3.45e-01  232 8.00e-01 2.0000e+01   17 3.9754e+01  343
   
  time_derivative_at_time->TEMPERATURE :
    MIN(value,loc) = (0.00e+00, 17) : MAX(value,loc) = (5.76e-04, 232)
  Segregated solution procedure converged after 1 iterations.
  Global Variable Value
  --------------- -----
  Region::execute() time for AriaRegion: 9.79e-02 sec.
  INVERSE: Storing solution for step 2, time = 1.20e+03
Minimum Time Step Selection:
        min           max
     1.000e-16     6.000e+02     AriaRegion
Transient time_stepping_block: dt = 600
Transient Time_Stepping_Block, step 3, time 1.8000e+03, time step 6.0000e+02, 50.00% complete
  Memory Usage: current = 203362304 (193.9 M), high-water-mark = 308064256 (293.8 M)
   
  Equation System AriaRegion->main:
   * Step  : Transient, Strategy: NEWTON, Time: 1.80e+03, Step: 6.00e+02
   * Matrix: Solver: "linear_solver", Unknowns: 2861, Nonzeros: 34935
   * Mesh  : Processor 0 of 1: 11444 of 11444 elems, 2861 of 2861 nodes
    N O N L I N E A R                 L I N E A R               
  ----------------------   --------------------------------------
  Step  Resid    Delta     Itns  Status   Resid    Asm/Slv Time
  ---- -------- --------   ---- -------- -------- ---------------
  1    6.35e+04 1.29e+01   110   ok      8.92e-09 1.3e-02/1.9e-02
  2    5.66e-04 1.35e-10   102   ok      7.28e-09 1.3e-02/1.8e-02
  Termination reason: 1.3461e-10 < nonlinear_correction_tolerance(1e-06)
   
  Field            min     @ id    max     @ id max-chg  @ id pred-err  pred-min  @ id  pred-max  @ id
  ------------- ---------- ---- ---------- ---- -------- ---- -------- ---------- ---- ---------- ----
    TEMPERATURE 1.3176e+01  288 2.0000e+01   17 6.99e-03  232 1.20e-02 1.3515e+01  288 2.0000e+01   17
   
  time_derivative_at_time->TEMPERATURE :
    MIN(value,loc) = (0.00e+00, 17) : MAX(value,loc) = (1.16e-05, 232)
  Segregated solution procedure converged after 1 iterations.
  Global Variable Value
  --------------- -----
  Region::execute() time for AriaRegion: 6.49e-02 sec.
  INVERSE: Storing solution for step 3, time = 1.80e+03
Minimum Time Step Selection:
        min           max
     1.000e-16     6.000e+02     AriaRegion
Transient time_stepping_block: dt = 600
Transient Time_Stepping_Block, step 4, time 2.4000e+03, time step 6.0000e+02, 66.67% complete
  Memory Usage: current = 203362304 (193.9 M), high-water-mark = 308064256 (293.8 M)
   
  Equation System AriaRegion->main:
   * Step  : Transient, Strategy: NEWTON, Time: 2.40e+03, Step: 6.00e+02
   * Matrix: Solver: "linear_solver", Unknowns: 2861, Nonzeros: 34935
   * Mesh  : Processor 0 of 1: 11444 of 11444 elems, 2861 of 2861 nodes
    N O N L I N E A R                 L I N E A R               
  ----------------------   --------------------------------------
  Step  Resid    Delta     Itns  Status   Resid    Asm/Slv Time
  ---- -------- --------   ---- -------- -------- ---------------
  1    9.37e+02 2.50e-01   107   ok      7.12e-09 1.3e-02/1.9e-02
  2    6.69e-06 6.61e-12   107   ok      9.64e-09 1.3e-02/1.9e-02
  Termination reason: 6.6063e-12 < nonlinear_correction_tolerance(1e-06)
   
  Field            min     @ id    max     @ id max-chg  @ id pred-err  pred-min  @ id  pred-max  @ id
  ------------- ---------- ---- ---------- ---- -------- ---- -------- ---------- ---- ---------- ----
    TEMPERATURE 1.3177e+01  288 2.0000e+01   17 1.37e-04  232 2.33e-04 1.3183e+01  288 2.0000e+01   17
   
  time_derivative_at_time->TEMPERATURE :
    MIN(value,loc) = (0.00e+00, 17) : MAX(value,loc) = (2.29e-07, 232)
  Segregated solution procedure converged after 1 iterations.
  Global Variable Value
  --------------- -----
  Region::execute() time for AriaRegion: 6.49e-02 sec.
  INVERSE: Storing solution for step 4, time = 2.40e+03
Minimum Time Step Selection:
        min           max
     1.000e-16     6.000e+02     AriaRegion
Transient time_stepping_block: dt = 600
Transient Time_Stepping_Block, step 5, time 3.0000e+03, time step 6.0000e+02, 83.33% complete
  Memory Usage: current = 203362304 (193.9 M), high-water-mark = 308064256 (293.8 M)
   
  Equation System AriaRegion->main:
   * Step  : Transient, Strategy: NEWTON, Time: 3.00e+03, Step: 6.00e+02
   * Matrix: Solver: "linear_solver", Unknowns: 2861, Nonzeros: 34935
   * Mesh  : Processor 0 of 1: 11444 of 11444 elems, 2861 of 2861 nodes
    N O N L I N E A R                 L I N E A R               
  ----------------------   --------------------------------------
  Step  Resid    Delta     Itns  Status   Resid    Asm/Slv Time
  ---- -------- --------   ---- -------- -------- ---------------
  1    1.83e+01 4.89e-03   109   ok      7.03e-09 1.3e-02/1.9e-02
  2    1.16e-06 9.41e-14   103   ok      8.73e-09 1.3e-02/1.8e-02
  Termination reason: 9.40598e-14 < nonlinear_correction_tolerance(1e-06)
   
  Field            min     @ id    max     @ id max-chg  @ id pred-err  pred-min  @ id  pred-max  @ id
  ------------- ---------- ---- ---------- ---- -------- ---- -------- ---------- ---- ---------- ----
    TEMPERATURE 1.3177e+01  288 2.0000e+01   17 2.69e-06  232 4.57e-06 1.3177e+01  288 2.0000e+01   17
   
  time_derivative_at_time->TEMPERATURE :
    MIN(value,loc) = (0.00e+00, 17) : MAX(value,loc) = (4.49e-09, 232)
  Segregated solution procedure converged after 1 iterations.
  Global Variable Value
  --------------- -----
  Region::execute() time for AriaRegion: 6.45e-02 sec.
  INVERSE: Storing solution for step 5, time = 3.00e+03
Minimum Time Step Selection:
        min           max
     1.000e-16     6.000e+02     AriaRegion
Transient time_stepping_block: dt = 600
Transient Time_Stepping_Block, step 6, time 3.6000e+03, time step 6.0000e+02, 100.00% complete
  Memory Usage: current = 203362304 (193.9 M), high-water-mark = 308064256 (293.8 M)
   
  Equation System AriaRegion->main:
   * Step  : Transient, Strategy: NEWTON, Time: 3.60e+03, Step: 6.00e+02
   * Matrix: Solver: "linear_solver", Unknowns: 2861, Nonzeros: 34935
   * Mesh  : Processor 0 of 1: 11444 of 11444 elems, 2861 of 2861 nodes
    N O N L I N E A R                 L I N E A R               
  ----------------------   --------------------------------------
  Step  Resid    Delta     Itns  Status   Resid    Asm/Slv Time
  ---- -------- --------   ---- -------- -------- ---------------
  1    3.59e-01 9.59e-05   107   ok      7.84e-09 1.3e-02/1.9e-02
  2    1.36e-06 7.48e-14   103   ok      9.47e-09 1.3e-02/1.8e-02
  Termination reason: 7.48174e-14 < nonlinear_correction_tolerance(1e-06)
   
  Field            min     @ id    max     @ id max-chg  @ id pred-err  pred-min  @ id  pred-max  @ id
  ------------- ---------- ---- ---------- ---- -------- ---- -------- ---------- ---- ---------- ----
    TEMPERATURE 1.3177e+01  288 2.0000e+01   17 5.28e-08  232 8.96e-08 1.3177e+01  288 2.0000e+01   17
   
  time_derivative_at_time->TEMPERATURE :
    MIN(value,loc) = (0.00e+00, 17) : MAX(value,loc) = (8.80e-11, 232)
  Segregated solution procedure converged after 1 iterations.
  Global Variable Value
  --------------- -----
  Region::execute() time for AriaRegion: 6.40e-02 sec.
  INVERSE: Storing solution for step 6, time = 3.60e+03

Procedure ariaProcedure complete                            May 31 2024 09:05:58
}
Aria Region "AriaRegion" has the following fields available for output:
  NODE_RANK Fields:
    * AdjointSourceField
    * Aria_Node_Global_Id_Field_main
    * Aria_Node_Local_Id_Field_main
    * anti_time_derivative_at_time->TEMPERATURE
    * anti_time_derivative_at_time->TEMPERATURE_STKFS_OLD
    * model_coordinates
    * physical_coordinates
    * predicted_solution->TEMPERATURE
    * shape_gradient_field
    * solution->TEMPERATURE
    * solution->TEMPERATURE_STKFS_OLD
    * storedAdjointSolution
    * storedForwardSolution
    * time_derivative_at_time->TEMPERATURE
    * time_derivative_at_time->TEMPERATURE_STKFS_OLD
  FACE_RANK Fields:
    * face_coverage
  ELEMENT_RANK Fields:
    * current_element_volume
    * initial_element_volume
    * volume_change_ratio
  Global Variables:
    * dt
    * number_of_elements
    * number_of_nodes
    * time
INVERSE: Solving forward problem. {
  Aria Region "AriaRegion" has the following fields available for output:
    NODE_RANK Fields:
      * AdjointSourceField
      * Aria_Node_Global_Id_Field_main
      * Aria_Node_Local_Id_Field_main
      * anti_time_derivative_at_time->TEMPERATURE
      * anti_time_derivative_at_time->TEMPERATURE_STKFS_OLD
      * model_coordinates
      * physical_coordinates
      * predicted_solution->TEMPERATURE
      * shape_gradient_field
      * solution->TEMPERATURE
      * solution->TEMPERATURE_STKFS_OLD
      * storedAdjointSolution
      * storedForwardSolution
      * time_derivative_at_time->TEMPERATURE
      * time_derivative_at_time->TEMPERATURE_STKFS_OLD
    FACE_RANK Fields:
      * face_coverage
    ELEMENT_RANK Fields:
      * current_element_volume
      * initial_element_volume
      * volume_change_ratio
    Global Variables:
      * dt
      * number_of_elements
      * number_of_nodes
      * time
+----+----+----+----+----+----+----+----+----+----+----+----+----+----+----+----
Executing procedure                                         May 31 2024 09:05:59


Transient Time_Stepping_Block, start 0, stop 3600, onset 0
Minimum Time Step Selection:
        min           max
     1.000e-16     6.000e+02     AriaRegion
Transient time_stepping_block: dt = 600
  INVERSE: Storing solution for step 0, time = 0.00e+00
Transient Time_Stepping_Block, step 1, time 6.0000e+02, time step 6.0000e+02, 16.67% complete
  Memory Usage: current = 203362304 (193.9 M), high-water-mark = 308064256 (293.8 M)
  DEFAULTING PREDICTOR-CORRECTOR_BEGIN_AFTER_STEP = 2.
   
  Equation System AriaRegion->main:
   * Step  : Transient, Strategy: NEWTON, Time: 6.00e+02, Step: 6.00e+02
   * Matrix: Solver: "linear_solver", Unknowns: 2861, Nonzeros: 34935
   * Mesh  : Processor 0 of 1: 11444 of 11444 elems, 2861 of 2861 nodes
    N O N L I N E A R                 L I N E A R               
  ----------------------   --------------------------------------
  Step  Resid    Delta     Itns  Status   Resid    Asm/Slv Time
  ---- -------- --------   ---- -------- -------- ---------------
  1    4.77e+08 8.67e+02   107   ok      7.60e-09 1.2e-02/1.9e-02
  2    3.63e+00 3.83e-06   108   ok      9.96e-09 1.3e-02/1.9e-02
  3    9.05e-07                 NoOp              1.3e-02
  Termination reason: 9.04988e-07 < nonlinear_residual_tolerance(1e-06),
                  and 0 < nonlinear_correction_tolerance(1e-06)
   
  Field            min     @ id    max     @ id max-chg  @ id pred-err  pred-min  @ id  pred-max  @ id
  ------------- ---------- ---- ---------- ---- -------- ---- -------- ---------- ---- ---------- ----
    TEMPERATURE 1.2824e+01  288 2.0000e+01   17 1.99e+01  343 8.11e-01 0.0000e+00    1 2.0000e+01   17
   
  time_derivative_at_time->TEMPERATURE :
    MIN(value,loc) = (0.00e+00, 17) : MAX(value,loc) = (3.31e-02, 343)
  Segregated solution procedure converged after 1 iterations.
  Global Variable Value
  --------------- -----
  Region::execute() time for AriaRegion: 1.15e-01 sec.
  INVERSE: Storing solution for step 1, time = 6.00e+02
Minimum Time Step Selection:
        min           max
     1.000e-16     6.000e+02     AriaRegion
Transient time_stepping_block: dt = 600
Transient Time_Stepping_Block, step 2, time 1.2000e+03, time step 6.0000e+02, 33.33% complete
  Memory Usage: current = 203362304 (193.9 M), high-water-mark = 308064256 (293.8 M)
   
  Equation System AriaRegion->main:
   * Step  : Transient, Strategy: NEWTON, Time: 1.20e+03, Step: 6.00e+02
   * Matrix: Solver: "linear_solver", Unknowns: 2861, Nonzeros: 34935
   * Mesh  : Processor 0 of 1: 11444 of 11444 elems, 2861 of 2861 nodes
    N O N L I N E A R                 L I N E A R               
  ----------------------   --------------------------------------
  Step  Resid    Delta     Itns  Status   Resid    Asm/Slv Time
  ---- -------- --------   ---- -------- -------- ---------------
  1    4.77e+08 8.56e+02   107   ok      7.64e-09 1.3e-02/1.9e-02
  2    3.65e+00 3.82e-06   110   ok      7.28e-09 1.3e-02/1.9e-02
  3    8.08e-07                 NoOp              1.2e-02
  Termination reason: 8.07809e-07 < nonlinear_residual_tolerance(1e-06),
                  and 0 < nonlinear_correction_tolerance(1e-06)
   
  Field            min     @ id    max     @ id max-chg  @ id pred-err  pred-min  @ id  pred-max  @ id
  ------------- ---------- ---- ---------- ---- -------- ---- -------- ---------- ---- ---------- ----
    TEMPERATURE 1.3169e+01  288 2.0000e+01   17 3.45e-01  232 8.00e-01 2.0000e+01   17 3.9754e+01  343
   
  time_derivative_at_time->TEMPERATURE :
    MIN(value,loc) = (0.00e+00, 17) : MAX(value,loc) = (5.76e-04, 232)
  Segregated solution procedure converged after 1 iterations.
  Global Variable Value
  --------------- -----
  Region::execute() time for AriaRegion: 7.70e-02 sec.
  INVERSE: Storing solution for step 2, time = 1.20e+03
Minimum Time Step Selection:
        min           max
     1.000e-16     6.000e+02     AriaRegion
Transient time_stepping_block: dt = 600
Transient Time_Stepping_Block, step 3, time 1.8000e+03, time step 6.0000e+02, 50.00% complete
  Memory Usage: current = 203362304 (193.9 M), high-water-mark = 308064256 (293.8 M)
   
  Equation System AriaRegion->main:
   * Step  : Transient, Strategy: NEWTON, Time: 1.80e+03, Step: 6.00e+02
   * Matrix: Solver: "linear_solver", Unknowns: 2861, Nonzeros: 34935
   * Mesh  : Processor 0 of 1: 11444 of 11444 elems, 2861 of 2861 nodes
    N O N L I N E A R                 L I N E A R               
  ----------------------   --------------------------------------
  Step  Resid    Delta     Itns  Status   Resid    Asm/Slv Time
  ---- -------- --------   ---- -------- -------- ---------------
  1    6.35e+04 1.29e+01   111   ok      4.17e-09 1.2e-02/1.9e-02
  2    2.65e-04 8.21e-11   101   ok      7.97e-09 1.3e-02/1.8e-02
  Termination reason: 8.20589e-11 < nonlinear_correction_tolerance(1e-06)
   
  Field            min     @ id    max     @ id max-chg  @ id pred-err  pred-min  @ id  pred-max  @ id
  ------------- ---------- ---- ---------- ---- -------- ---- -------- ---------- ---- ---------- ----
    TEMPERATURE 1.3176e+01  288 2.0000e+01   17 6.99e-03  232 1.20e-02 1.3515e+01  288 2.0000e+01   17
   
  time_derivative_at_time->TEMPERATURE :
    MIN(value,loc) = (0.00e+00, 17) : MAX(value,loc) = (1.16e-05, 232)
  Segregated solution procedure converged after 1 iterations.
  Global Variable Value
  --------------- -----
  Region::execute() time for AriaRegion: 6.35e-02 sec.
  INVERSE: Storing solution for step 3, time = 1.80e+03
Minimum Time Step Selection:
        min           max
     1.000e-16     6.000e+02     AriaRegion
Transient time_stepping_block: dt = 600
Transient Time_Stepping_Block, step 4, time 2.4000e+03, time step 6.0000e+02, 66.67% complete
  Memory Usage: current = 203362304 (193.9 M), high-water-mark = 308064256 (293.8 M)
   
  Equation System AriaRegion->main:
   * Step  : Transient, Strategy: NEWTON, Time: 2.40e+03, Step: 6.00e+02
   * Matrix: Solver: "linear_solver", Unknowns: 2861, Nonzeros: 34935
   * Mesh  : Processor 0 of 1: 11444 of 11444 elems, 2861 of 2861 nodes
    N O N L I N E A R                 L I N E A R               
  ----------------------   --------------------------------------
  Step  Resid    Delta     Itns  Status   Resid    Asm/Slv Time
  ---- -------- --------   ---- -------- -------- ---------------
  1    9.37e+02 2.50e-01   107   ok      7.48e-09 1.2e-02/1.9e-02
  2    7.07e-06 6.61e-12   110   ok      5.93e-09 1.3e-02/1.9e-02
  Termination reason: 6.61026e-12 < nonlinear_correction_tolerance(1e-06)
   
  Field            min     @ id    max     @ id max-chg  @ id pred-err  pred-min  @ id  pred-max  @ id
  ------------- ---------- ---- ---------- ---- -------- ---- -------- ---------- ---- ---------- ----
    TEMPERATURE 1.3177e+01  288 2.0000e+01   17 1.37e-04  232 2.33e-04 1.3183e+01  288 2.0000e+01   17
   
  time_derivative_at_time->TEMPERATURE :
    MIN(value,loc) = (0.00e+00, 17) : MAX(value,loc) = (2.29e-07, 232)
  Segregated solution procedure converged after 1 iterations.
  Global Variable Value
  --------------- -----
  Region::execute() time for AriaRegion: 6.48e-02 sec.
  INVERSE: Storing solution for step 4, time = 2.40e+03
Minimum Time Step Selection:
        min           max
     1.000e-16     6.000e+02     AriaRegion
Transient time_stepping_block: dt = 600
Transient Time_Stepping_Block, step 5, time 3.0000e+03, time step 6.0000e+02, 83.33% complete
  Memory Usage: current = 203362304 (193.9 M), high-water-mark = 308064256 (293.8 M)
   
  Equation System AriaRegion->main:
   * Step  : Transient, Strategy: NEWTON, Time: 3.00e+03, Step: 6.00e+02
   * Matrix: Solver: "linear_solver", Unknowns: 2861, Nonzeros: 34935
   * Mesh  : Processor 0 of 1: 11444 of 11444 elems, 2861 of 2861 nodes
    N O N L I N E A R                 L I N E A R               
  ----------------------   --------------------------------------
  Step  Resid    Delta     Itns  Status   Resid    Asm/Slv Time
  ---- -------- --------   ---- -------- -------- ---------------
  1    1.83e+01 4.89e-03   107   ok      8.88e-09 1.3e-02/1.9e-02
  2    1.56e-06 1.58e-13   105   ok      5.30e-09 1.3e-02/1.9e-02
  Termination reason: 1.58134e-13 < nonlinear_correction_tolerance(1e-06)
   
  Field            min     @ id    max     @ id max-chg  @ id pred-err  pred-min  @ id  pred-max  @ id
  ------------- ---------- ---- ---------- ---- -------- ---- -------- ---------- ---- ---------- ----
    TEMPERATURE 1.3177e+01  288 2.0000e+01   17 2.69e-06  232 4.57e-06 1.3177e+01  288 2.0000e+01   17
   
  time_derivative_at_time->TEMPERATURE :
    MIN(value,loc) = (0.00e+00, 17) : MAX(value,loc) = (4.49e-09, 232)
  Segregated solution procedure converged after 1 iterations.
  Global Variable Value
  --------------- -----
  Region::execute() time for AriaRegion: 6.58e-02 sec.
  INVERSE: Storing solution for step 5, time = 3.00e+03
Minimum Time Step Selection:
        min           max
     1.000e-16     6.000e+02     AriaRegion
Transient time_stepping_block: dt = 600
Transient Time_Stepping_Block, step 6, time 3.6000e+03, time step 6.0000e+02, 100.00% complete
  Memory Usage: current = 203362304 (193.9 M), high-water-mark = 308064256 (293.8 M)
   
  Equation System AriaRegion->main:
   * Step  : Transient, Strategy: NEWTON, Time: 3.60e+03, Step: 6.00e+02
   * Matrix: Solver: "linear_solver", Unknowns: 2861, Nonzeros: 34935
   * Mesh  : Processor 0 of 1: 11444 of 11444 elems, 2861 of 2861 nodes
    N O N L I N E A R                 L I N E A R               
  ----------------------   --------------------------------------
  Step  Resid    Delta     Itns  Status   Resid    Asm/Slv Time
  ---- -------- --------   ---- -------- -------- ---------------
  1    3.59e-01 9.59e-05   109   ok      6.61e-09 1.3e-02/1.9e-02
  2    7.35e-07                 NoOp              1.3e-02
  Termination reason: 7.34982e-07 < nonlinear_residual_tolerance(1e-06),
                  and 0 < nonlinear_correction_tolerance(1e-06)
   
  Field            min     @ id    max     @ id max-chg  @ id pred-err  pred-min  @ id  pred-max  @ id
  ------------- ---------- ---- ---------- ---- -------- ---- -------- ---------- ---- ---------- ----
    TEMPERATURE 1.3177e+01  288 2.0000e+01   17 5.28e-08  232 8.96e-08 1.3177e+01  288 2.0000e+01   17
   
  time_derivative_at_time->TEMPERATURE :
    MIN(value,loc) = (0.00e+00, 17) : MAX(value,loc) = (8.80e-11, 232)
  Segregated solution procedure converged after 1 iterations.
  Global Variable Value
  --------------- -----
  Region::execute() time for AriaRegion: 4.68e-02 sec.
  INVERSE: Storing solution for step 6, time = 3.60e+03

Procedure ariaProcedure complete                            May 31 2024 09:05:59
}
Aria Region "AriaRegion" has the following fields available for output:
  NODE_RANK Fields:
    * AdjointSourceField
    * Aria_Node_Global_Id_Field_main
    * Aria_Node_Local_Id_Field_main
    * anti_time_derivative_at_time->TEMPERATURE
    * anti_time_derivative_at_time->TEMPERATURE_STKFS_OLD
    * model_coordinates
    * physical_coordinates
    * predicted_solution->TEMPERATURE
    * shape_gradient_field
    * solution->TEMPERATURE
    * solution->TEMPERATURE_STKFS_OLD
    * storedAdjointSolution
    * storedForwardSolution
    * time_derivative_at_time->TEMPERATURE
    * time_derivative_at_time->TEMPERATURE_STKFS_OLD
  FACE_RANK Fields:
    * face_coverage
  ELEMENT_RANK Fields:
    * current_element_volume
    * initial_element_volume
    * volume_change_ratio
  Global Variables:
    * dt
    * number_of_elements
    * number_of_nodes
    * time
INVERSE: Solving forward problem. {
  Aria Region "AriaRegion" has the following fields available for output:
    NODE_RANK Fields:
      * AdjointSourceField
      * Aria_Node_Global_Id_Field_main
      * Aria_Node_Local_Id_Field_main
      * anti_time_derivative_at_time->TEMPERATURE
      * anti_time_derivative_at_time->TEMPERATURE_STKFS_OLD
      * model_coordinates
      * physical_coordinates
      * predicted_solution->TEMPERATURE
      * shape_gradient_field
      * solution->TEMPERATURE
      * solution->TEMPERATURE_STKFS_OLD
      * storedAdjointSolution
      * storedForwardSolution
      * time_derivative_at_time->TEMPERATURE
      * time_derivative_at_time->TEMPERATURE_STKFS_OLD
    FACE_RANK Fields:
      * face_coverage
    ELEMENT_RANK Fields:
      * current_element_volume
      * initial_element_volume
      * volume_change_ratio
    Global Variables:
      * dt
      * number_of_elements
      * number_of_nodes
      * time
+----+----+----+----+----+----+----+----+----+----+----+----+----+----+----+----
Executing procedure                                         May 31 2024 09:06:00


Transient Time_Stepping_Block, start 0, stop 3600, onset 0
Minimum Time Step Selection:
        min           max
     1.000e-16     6.000e+02     AriaRegion
Transient time_stepping_block: dt = 600
  INVERSE: Storing solution for step 0, time = 0.00e+00
Transient Time_Stepping_Block, step 1, time 6.0000e+02, time step 6.0000e+02, 16.67% complete
  Memory Usage: current = 203362304 (193.9 M), high-water-mark = 308064256 (293.8 M)
  DEFAULTING PREDICTOR-CORRECTOR_BEGIN_AFTER_STEP = 2.
   
  Equation System AriaRegion->main:
   * Step  : Transient, Strategy: NEWTON, Time: 6.00e+02, Step: 6.00e+02
   * Matrix: Solver: "linear_solver", Unknowns: 2861, Nonzeros: 34935
   * Mesh  : Processor 0 of 1: 11444 of 11444 elems, 2861 of 2861 nodes
    N O N L I N E A R                 L I N E A R               
  ----------------------   --------------------------------------
  Step  Resid    Delta     Itns  Status   Resid    Asm/Slv Time
  ---- -------- --------   ---- -------- -------- ---------------
  1    4.77e+08 8.67e+02   107   ok      7.55e-09 1.2e-02/1.8e-02
  2    3.61e+00 3.82e-06   109   ok      6.09e-09 1.2e-02/1.8e-02
  3    1.07e-06 6.33e-14   104   ok      8.88e-09 1.2e-02/1.8e-02
  Termination reason: 6.32594e-14 < nonlinear_correction_tolerance(1e-06)
   
  Field            min     @ id    max     @ id max-chg  @ id pred-err  pred-min  @ id  pred-max  @ id
  ------------- ---------- ---- ---------- ---- -------- ---- -------- ---------- ---- ---------- ----
    TEMPERATURE 1.2824e+01  288 2.0000e+01   17 1.99e+01  343 8.11e-01 0.0000e+00    1 2.0000e+01   17
   
  time_derivative_at_time->TEMPERATURE :
    MIN(value,loc) = (0.00e+00, 17) : MAX(value,loc) = (3.31e-02, 343)
  Segregated solution procedure converged after 1 iterations.
  Global Variable Value
  --------------- -----
  Region::execute() time for AriaRegion: 1.31e-01 sec.
  INVERSE: Storing solution for step 1, time = 6.00e+02
Minimum Time Step Selection:
        min           max
     1.000e-16     6.000e+02     AriaRegion
Transient time_stepping_block: dt = 600
Transient Time_Stepping_Block, step 2, time 1.2000e+03, time step 6.0000e+02, 33.33% complete
  Memory Usage: current = 203362304 (193.9 M), high-water-mark = 308064256 (293.8 M)
   
  Equation System AriaRegion->main:
   * Step  : Transient, Strategy: NEWTON, Time: 1.20e+03, Step: 6.00e+02
   * Matrix: Solver: "linear_solver", Unknowns: 2861, Nonzeros: 34935
   * Mesh  : Processor 0 of 1: 11444 of 11444 elems, 2861 of 2861 nodes
    N O N L I N E A R                 L I N E A R               
  ----------------------   --------------------------------------
  Step  Resid    Delta     Itns  Status   Resid    Asm/Slv Time
  ---- -------- --------   ---- -------- -------- ---------------
  1    4.77e+08 8.56e+02   107   ok      7.63e-09 1.2e-02/1.8e-02
  2    3.64e+00 3.82e-06   109   ok      5.97e-09 1.2e-02/1.8e-02
  3    8.15e-07                 NoOp              1.2e-02
  Termination reason: 8.15447e-07 < nonlinear_residual_tolerance(1e-06),
                  and 0 < nonlinear_correction_tolerance(1e-06)
   
  Field            min     @ id    max     @ id max-chg  @ id pred-err  pred-min  @ id  pred-max  @ id
  ------------- ---------- ---- ---------- ---- -------- ---- -------- ---------- ---- ---------- ----
    TEMPERATURE 1.3169e+01  288 2.0000e+01   17 3.45e-01  232 8.00e-01 2.0000e+01   17 3.9754e+01  343
   
  time_derivative_at_time->TEMPERATURE :
    MIN(value,loc) = (0.00e+00, 17) : MAX(value,loc) = (5.76e-04, 232)
  Segregated solution procedure converged after 1 iterations.
  Global Variable Value
  --------------- -----
  Region::execute() time for AriaRegion: 7.45e-02 sec.
  INVERSE: Storing solution for step 2, time = 1.20e+03
Minimum Time Step Selection:
        min           max
     1.000e-16     6.000e+02     AriaRegion
Transient time_stepping_block: dt = 600
Transient Time_Stepping_Block, step 3, time 1.8000e+03, time step 6.0000e+02, 50.00% complete
  Memory Usage: current = 203362304 (193.9 M), high-water-mark = 308064256 (293.8 M)
   
  Equation System AriaRegion->main:
   * Step  : Transient, Strategy: NEWTON, Time: 1.80e+03, Step: 6.00e+02
   * Matrix: Solver: "linear_solver", Unknowns: 2861, Nonzeros: 34935
   * Mesh  : Processor 0 of 1: 11444 of 11444 elems, 2861 of 2861 nodes
    N O N L I N E A R                 L I N E A R               
  ----------------------   --------------------------------------
  Step  Resid    Delta     Itns  Status   Resid    Asm/Slv Time
  ---- -------- --------   ---- -------- -------- ---------------
  1    6.35e+04 1.29e+01   109   ok      8.00e-09 1.2e-02/1.8e-02
  2    5.08e-04 2.45e-10   106   ok      9.06e-09 1.2e-02/1.8e-02
  Termination reason: 2.44661e-10 < nonlinear_correction_tolerance(1e-06)
   
  Field            min     @ id    max     @ id max-chg  @ id pred-err  pred-min  @ id  pred-max  @ id
  ------------- ---------- ---- ---------- ---- -------- ---- -------- ---------- ---- ---------- ----
    TEMPERATURE 1.3176e+01  288 2.0000e+01   17 6.99e-03  232 1.20e-02 1.3515e+01  288 2.0000e+01   17
   
  time_derivative_at_time->TEMPERATURE :
    MIN(value,loc) = (0.00e+00, 17) : MAX(value,loc) = (1.16e-05, 232)
  Segregated solution procedure converged after 1 iterations.
  Global Variable Value
  --------------- -----
  Region::execute() time for AriaRegion: 6.22e-02 sec.
  INVERSE: Storing solution for step 3, time = 1.80e+03
Minimum Time Step Selection:
        min           max
     1.000e-16     6.000e+02     AriaRegion
Transient time_stepping_block: dt = 600
Transient Time_Stepping_Block, step 4, time 2.4000e+03, time step 6.0000e+02, 66.67% complete
  Memory Usage: current = 203362304 (193.9 M), high-water-mark = 308064256 (293.8 M)
   
  Equation System AriaRegion->main:
   * Step  : Transient, Strategy: NEWTON, Time: 2.40e+03, Step: 6.00e+02
   * Matrix: Solver: "linear_solver", Unknowns: 2861, Nonzeros: 34935
   * Mesh  : Processor 0 of 1: 11444 of 11444 elems, 2861 of 2861 nodes
    N O N L I N E A R                 L I N E A R               
  ----------------------   --------------------------------------
  Step  Resid    Delta     Itns  Status   Resid    Asm/Slv Time
  ---- -------- --------   ---- -------- -------- ---------------
  1    9.37e+02 2.50e-01   107   ok      7.18e-09 1.2e-02/1.8e-02
  2    6.91e-06 6.61e-12   111   ok      6.96e-09 1.2e-02/1.9e-02
  Termination reason: 6.60503e-12 < nonlinear_correction_tolerance(1e-06)
   
  Field            min     @ id    max     @ id max-chg  @ id pred-err  pred-min  @ id  pred-max  @ id
  ------------- ---------- ---- ---------- ---- -------- ---- -------- ---------- ---- ---------- ----
    TEMPERATURE 1.3177e+01  288 2.0000e+01   17 1.37e-04  232 2.33e-04 1.3183e+01  288 2.0000e+01   17
   
  time_derivative_at_time->TEMPERATURE :
    MIN(value,loc) = (0.00e+00, 17) : MAX(value,loc) = (2.29e-07, 232)
  Segregated solution procedure converged after 1 iterations.
  Global Variable Value
  --------------- -----
  Region::execute() time for AriaRegion: 6.24e-02 sec.
  INVERSE: Storing solution for step 4, time = 2.40e+03
Minimum Time Step Selection:
        min           max
     1.000e-16     6.000e+02     AriaRegion
Transient time_stepping_block: dt = 600
Transient Time_Stepping_Block, step 5, time 3.0000e+03, time step 6.0000e+02, 83.33% complete
  Memory Usage: current = 203362304 (193.9 M), high-water-mark = 308064256 (293.8 M)
   
  Equation System AriaRegion->main:
   * Step  : Transient, Strategy: NEWTON, Time: 3.00e+03, Step: 6.00e+02
   * Matrix: Solver: "linear_solver", Unknowns: 2861, Nonzeros: 34935
   * Mesh  : Processor 0 of 1: 11444 of 11444 elems, 2861 of 2861 nodes
    N O N L I N E A R                 L I N E A R               
  ----------------------   --------------------------------------
  Step  Resid    Delta     Itns  Status   Resid    Asm/Slv Time
  ---- -------- --------   ---- -------- -------- ---------------
  1    1.83e+01 4.89e-03   109   ok      9.83e-09 1.2e-02/1.9e-02
  2    9.69e-07                 NoOp              1.2e-02
  Termination reason: 9.69283e-07 < nonlinear_residual_tolerance(1e-06),
                  and 0 < nonlinear_correction_tolerance(1e-06)
   
  Field            min     @ id    max     @ id max-chg  @ id pred-err  pred-min  @ id  pred-max  @ id
  ------------- ---------- ---- ---------- ---- -------- ---- -------- ---------- ---- ---------- ----
    TEMPERATURE 1.3177e+01  288 2.0000e+01   17 2.69e-06  232 4.57e-06 1.3177e+01  288 2.0000e+01   17
   
  time_derivative_at_time->TEMPERATURE :
    MIN(value,loc) = (0.00e+00, 17) : MAX(value,loc) = (4.49e-09, 232)
  Segregated solution procedure converged after 1 iterations.
  Global Variable Value
  --------------- -----
  Region::execute() time for AriaRegion: 4.50e-02 sec.
  INVERSE: Storing solution for step 5, time = 3.00e+03
Minimum Time Step Selection:
        min           max
     1.000e-16     6.000e+02     AriaRegion
Transient time_stepping_block: dt = 600
Transient Time_Stepping_Block, step 6, time 3.6000e+03, time step 6.0000e+02, 100.00% complete
  Memory Usage: current = 203362304 (193.9 M), high-water-mark = 308064256 (293.8 M)
   
  Equation System AriaRegion->main:
   * Step  : Transient, Strategy: NEWTON, Time: 3.60e+03, Step: 6.00e+02
   * Matrix: Solver: "linear_solver", Unknowns: 2861, Nonzeros: 34935
   * Mesh  : Processor 0 of 1: 11444 of 11444 elems, 2861 of 2861 nodes
    N O N L I N E A R                 L I N E A R               
  ----------------------   --------------------------------------
  Step  Resid    Delta     Itns  Status   Resid    Asm/Slv Time
  ---- -------- --------   ---- -------- -------- ---------------
  1    3.59e-01 9.59e-05   107   ok      7.99e-09 1.2e-02/1.9e-02
  2    1.31e-06 5.94e-14   100   ok      8.76e-09 1.3e-02/1.7e-02
  Termination reason: 5.93833e-14 < nonlinear_correction_tolerance(1e-06)
   
  Field            min     @ id    max     @ id max-chg  @ id pred-err  pred-min  @ id  pred-max  @ id
  ------------- ---------- ---- ---------- ---- -------- ---- -------- ---------- ---- ---------- ----
    TEMPERATURE 1.3177e+01  288 2.0000e+01   17 5.28e-08  232 8.96e-08 1.3177e+01  288 2.0000e+01   17
   
  time_derivative_at_time->TEMPERATURE :
    MIN(value,loc) = (0.00e+00, 17) : MAX(value,loc) = (8.80e-11, 232)
  Segregated solution procedure converged after 1 iterations.
  Global Variable Value
  --------------- -----
  Region::execute() time for AriaRegion: 6.28e-02 sec.
  INVERSE: Storing solution for step 6, time = 3.60e+03

Procedure ariaProcedure complete                            May 31 2024 09:06:00
}
---------------------------------------------------
There were no errors encountered during execution of this procedure
There was 1 warning encountered during execution of this procedure (there was 1 warning printed)
+----+----+----+----+----+----+----+----+----+----+----+----+----+----+----+----
+----+----+----+----+----+----+----+----+----+----+----+----+----+----+----+----
Execution complete


Timing summary of 1 processor
                 Timer                   Count       CPU Time              Wall Time
---------------------------------------- ----- --------------------- ---------------------
Sierra                                       1 00:00:17.876 (100.0%) 00:00:18.451 (100.0%)
  Procedure ariaProcedure                   73 00:00:09.768 (54.65%) 00:00:09.964 (54.00%)
    Initialize                               1 00:00:00.105 (0.589%) 00:00:00.108 (0.583%)
    Execute                                 14 00:00:06.468 (36.19%) 00:00:06.612 (35.84%)
    Mesh input                               1 00:00:00.093 (0.520%) 00:00:00.094 (0.511%)
    Region AriaRegion                      311 00:00:09.683 (54.17%) 00:00:09.877 (53.53%)
      Initialize                            29 00:00:03.168 (17.72%) 00:00:03.218 (17.44%)
        Initial Contact Search              58 00:00:00.000 (<0.01%) 00:00:00.000 (<0.01%)
      Execute                              455 00:00:06.422 (35.93%) 00:00:06.565 (35.58%)
        Nonlinear Iteration                196 00:00:05.754 (32.19%) 00:00:05.883 (31.89%)
          LinSys Assembly                  196 00:00:02.473 (13.83%) 00:00:02.530 (13.71%)
          LinSys Solve                     174 00:00:03.200 (17.90%) 00:00:03.266 (17.70%)
          LinSys Scatter                   174 00:00:00.015 (0.084%) 00:00:00.015 (0.083%)
          Nonlinear Utilities              784 00:00:00.016 (0.091%) 00:00:00.017 (0.090%)
        Postprocessing                     340 00:00:00.002 (0.011%) 00:00:00.002 (0.010%)
        Initialize Solver                   15 00:00:00.582 (3.255%) 00:00:00.593 (3.213%)
        Utilities                          955 00:00:00.017 (0.096%) 00:00:00.018 (0.095%)
          Chemistry Utilities               29 00:00:00.000 (<0.01%) 00:00:00.000 (<0.01%)
        Contact Search                      84 00:00:00.000 (<0.01%) 00:00:00.000 (<0.01%)
      Mesh input                             1 00:00:00.093 (0.520%) 00:00:00.094 (0.511%)
  Perf: RunSierra                            1 00:00:00.587 (3.283%) 00:00:00.605 (3.282%)
    Perf: RunSierra::parse                   1 00:00:00.587 (3.283%) 00:00:00.605 (3.282%)

Took 0.000164986 seconds to generate the table above.


Memory summary of 1 processor
           Metric             Largest       Processor       Smallest       Processor
---------------------------- --------- -------------------- --------- --------------------
Dynamically Allocated (Heap)   42.9 MB on 0 at 00:00:00.000   42.9 MB on 0 at 00:00:00.000
Largest Free Fragment (Heap)   80.3 MB on 0 at 00:00:00.000   80.3 MB on 0 at 00:00:00.000
         Total Memory In Use  833.0 MB on 0                  833.0 MB on 0
           Major Page Faults    0 flts on 0                    0 flts on 0


Performance metric summary
---------------------------------------------------
Min High-water memory usage 293.8 MB
Avg High-water memory usage 293.8 MB
Max High-water memory usage 293.8 MB

Min Available memory per processor 4016.1 MB
Avg Available memory per processor 4016.1 MB
Max Available memory per processor 4016.1 MB

Min No-output time 17.8755 sec
Avg No-output time 17.8755 sec
Max No-output time 17.8755 sec
---------------------------------------------------
There were no errors encountered during parse
There were no warnings encountered during parse
There were no errors encountered during execution
There was 1 warning encountered during execution
+----+----+----+----+----+----+----+----+----+----+----+----+----+----+----+----
SIERRA execution successful after 00:00:20 (HH:MM:SS)
For region AriaRegion
  Number of timesteps            (failed) : 0
  Number of timesteps            ( total) : 90
  Number of nonlinear iterations ( total) : 196
  Number of linear iterations ( total) : 18461
